Date,Open,High,Low,Close,Adj Close ADI,Volume
9/18/2013,48.43,48.540001,47.959999,48.5,42.730141,1842300
9/19/2013,48.73,48.75,48.240002,48.380001,42.624416,1683800
9/20/2013,48.389999,48.639999,47.93,47.990002,42.280819,3518300
9/23/2013,48.09,48.23,47.439999,47.560001,41.901974,1543000
9/24/2013,47.650002,48.049999,47.360001,47.740002,42.060558,1531400
9/25/2013,47.77,47.919998,47.27,47.580002,41.919598,1031700
9/26/2013,47.880001,47.880001,47.34,47.450001,41.805054,968200
9/27/2013,47.200001,47.200001,46.84,46.889999,41.311684,1957900
9/30/2013,46.560001,47.490002,46.360001,47.049999,41.452641,2440000
10/1/2013,47.07,47.310001,46.75,47.110001,41.505508,1722600
10/2/2013,46.560001,46.939999,46.509998,46.799999,41.232388,1436800
10/3/2013,46.790001,46.830002,45.939999,46.32,40.80949,2677800
10/4/2013,46.380001,47.009998,46.220001,46.990002,41.399788,1865200
10/7/2013,46.41,47,46.27,46.639999,41.091412,1474300
10/8/2013,46.619999,46.889999,45.470001,45.700001,40.263256,2388200
10/9/2013,45.830002,45.990002,45.279999,45.689999,40.254429,1726300
10/10/2013,46.16,46.709999,45.970001,46.650002,41.100235,1437500
10/11/2013,46.799999,47.049999,46.349998,46.98,41.390968,1428300
10/14/2013,46.59,47.32,46.310001,47.27,41.646465,1040000
10/15/2013,47.02,47.209999,46.599998,46.73,41.170719,1659300
10/16/2013,46.599998,47.290001,46.48,47.240002,41.620037,1607300
10/17/2013,46.93,47.619999,46.700001,47.52,41.86673,1613500
10/18/2013,47.599998,47.669998,47.189999,47.66,41.990082,1462000
10/21/2013,47.77,47.970001,47.43,47.75,42.06937,1294200
10/22/2013,48,48,47.200001,47.639999,41.972454,2200200
10/23/2013,47.299999,47.299999,46.16,46.48,40.950451,1659300
10/24/2013,46.669998,46.950001,46.450001,46.950001,41.364536,1617500
10/25/2013,47.169998,47.41,46.59,46.75,41.188335,1976500
10/28/2013,46.740002,47.5,46.549999,47.48,41.83149,1599700
10/29/2013,47.98,49.18,47.490002,49.169998,43.320442,2618500
10/30/2013,49.110001,49.43,48.439999,48.779999,42.976833,1939900
10/31/2013,48.82,49.540001,48.82,49.299999,43.434963,2107800
11/1/2013,49.68,49.75,49.049999,49.68,43.769764,4688500
11/4/2013,49.560001,49.68,49.009998,49.16,43.311611,1763000
11/5/2013,48.830002,50.040001,48.57,49.790001,43.866673,6844300
11/6/2013,49.990002,50.049999,49.549999,49.93,43.990017,1085500
11/7/2013,49.950001,50.040001,49.080002,49.139999,43.294003,1497800
11/8/2013,49.299999,49.810001,48.889999,49.799999,43.875477,1240200
11/11/2013,49.669998,49.830002,49.34,49.66,43.752136,1088900
11/12/2013,49.43,49.93,49.369999,49.849998,43.91954,1344600
11/13/2013,49.59,50.380001,49.52,50.349998,44.360054,1514000
11/14/2013,50.369999,50.41,49.959999,50.360001,44.368866,1070800
11/15/2013,50.310001,50.790001,50.049999,50.689999,44.659599,1796000
11/18/2013,50.689999,50.700001,50.02,50.110001,44.148602,1780900
11/19/2013,50.189999,50.25,49.389999,49.450001,43.567116,1500900
11/20/2013,49.459999,49.540001,48.799999,49.080002,43.241142,2245800
11/21/2013,49.419998,49.900002,49,49.77,43.849052,1197000
11/22/2013,49.77,49.849998,49.470001,49.759998,43.840244,1459500
11/25/2013,49.889999,49.900002,49.240002,49.66,43.752136,1902300
11/26/2013,49.130001,50.040001,49.130001,49.919998,43.98122,1918100
11/27/2013,47.200001,48.57,46.119999,48.540001,42.765388,7832300
11/29/2013,48.66,48.810001,48.189999,48.220001,42.483456,1909500
12/2/2013,47.799999,48.439999,47.799999,48.400002,42.64204,2629500
12/3/2013,48.400002,49.82,48.400002,49.560001,43.66404,5500700
12/4/2013,49.16,49.360001,48.470001,48.77,43.264839,2455100
12/5/2013,48.779999,48.970001,48.580002,48.82,43.309193,2226300
12/6/2013,49.389999,49.5,48.919998,49.27,43.708397,2217900
12/9/2013,49.5,49.59,48.900002,49.009998,43.477737,1563300
12/10/2013,48.849998,49.220001,48.720001,48.91,43.389038,1485100
12/11/2013,49.009998,49.209999,48.610001,48.669998,43.176117,1376900
12/12/2013,48.73,48.869999,48.009998,48.110001,42.679337,2107200
12/13/2013,48.41,48.43,48.02,48.41,42.945465,1831800
12/16/2013,48.5,48.84,48.389999,48.740002,43.238216,1536300
12/17/2013,48.639999,49,48.540001,48.939999,43.415642,1419600
12/18/2013,48.900002,49.779999,48.630001,49.779999,44.160828,1771600
12/19/2013,49.77,49.77,49.09,49.66,44.054367,1589500
12/20/2013,49.630001,50.259998,49.450001,50.009998,44.364864,2828400
12/23/2013,50.23,50.630001,50.049999,50.619999,44.905998,1873100
12/24/2013,50.369999,50.84,50.349998,50.630001,44.914875,710000
12/26/2013,50.84,50.91,50.560001,50.740002,45.012459,688700
12/27/2013,50.77,50.93,50.630001,50.700001,44.976982,631000
12/30/2013,50.509998,50.900002,50.509998,50.849998,45.110035,918400
12/31/2013,51,51.200001,50.700001,50.93,45.181011,857000
1/2/2014,49.52,49.75,49.040001,49.279999,43.717255,2799000
1/3/2014,49.27,49.790001,49.139999,49.610001,44.010021,1644700
1/6/2014,49.349998,49.5,49.150002,49.330002,43.761623,2165000
1/7/2014,49.490002,49.779999,49.34,49.59,43.992271,1338500
1/8/2014,49.709999,49.900002,49.380001,49.709999,44.098724,1201600
1/9/2014,49.450001,49.630001,49.189999,49.52,43.930168,2470900
1/10/2014,49.43,49.59,49.139999,49.529999,43.939041,2072200
1/13/2014,49.209999,49.549999,48.66,48.869999,43.353546,2989700
1/14/2014,48.93,50.02,48.889999,49.709999,44.098724,2879900
1/15/2014,49.75,50.330002,49.73,50.02,44.373734,2120700
1/16/2014,50.48,50.5,49.73,49.82,44.196308,2885000
1/17/2014,49.57,49.939999,49.209999,49.380001,43.805969,3104300
1/21/2014,49.950001,50.119999,49.459999,49.98,44.338249,2228500
1/22/2014,49.860001,50.540001,49.759998,50.369999,44.684219,1659900
1/23/2014,50.220001,50.310001,49.330002,49.41,43.832588,2236500
1/24/2014,49.389999,49.389999,48.209999,48.25,42.803535,2628300
1/27/2014,48.32,48.720001,48.110001,48.220001,42.77692,1888300
1/28/2014,48.169998,48.75,48.110001,48.509998,43.03418,1777400
1/29/2014,48.32,48.91,48.099998,48.27,42.821278,1994100
1/30/2014,48.869999,49.119999,48.419998,48.889999,43.371284,1385400
1/31/2014,48.34,48.73,48.07,48.27,42.821278,1927500
2/3/2014,48.23,48.349998,47.139999,47.259998,41.925278,2892200
2/4/2014,47.700001,47.75,47.23,47.689999,42.306747,2333300
2/5/2014,47.43,48.009998,47.27,47.849998,42.448689,2589400
2/6/2014,48.009998,48.68,47.860001,48.349998,42.892242,1797900
2/7/2014,48.580002,48.970001,48.259998,48.970001,43.442265,1822100
2/10/2014,48.779999,49.32,48.75,49.220001,43.664036,1458700
2/11/2014,49.310001,49.889999,49.189999,49.75,44.134216,1230800
2/12/2014,49.959999,50.189999,49.720001,49.889999,44.258404,1802500
2/13/2014,49.689999,50.700001,49.630001,50.689999,44.968098,2124700
2/14/2014,50.419998,50.990002,50.27,50.77,45.03907,2168200
2/18/2014,50.439999,51.34,50.439999,51.23,45.447147,3936600
2/19/2014,51.900002,52.380001,51.41,51.57,45.748775,4079500
2/20/2014,51.720001,51.869999,51.009998,51.400002,45.597958,3741300
2/21/2014,51.369999,51.599998,51.09,51.119999,45.34956,1969500
2/24/2014,51.290001,51.610001,50.950001,50.959999,45.207623,2096300
2/25/2014,50.990002,51.040001,50.490002,50.799999,45.065689,2206400
2/26/2014,50.669998,51.360001,50.560001,50.84,45.432068,1579000
2/27/2014,50.810001,51.200001,50.75,51.029999,45.601871,1395200
2/28/2014,51.150002,51.150002,50.48,50.82,45.414204,2141400
3/3/2014,50.580002,50.779999,50.23,50.580002,45.199738,1309800
3/4/2014,50.939999,51.419998,50.860001,51.200001,45.753784,1646600
3/5/2014,51.259998,51.279999,50.860001,51.240002,45.789532,1057400
3/6/2014,51.290001,51.619999,51.080002,51.57,46.084423,1248900
3/7/2014,51.77,51.830002,51.259998,51.830002,46.316776,2847300
3/10/2014,51.849998,51.900002,51.549999,51.799999,46.289955,1822800
3/11/2014,51.849998,51.93,51.369999,51.52,46.039734,1464900
3/12/2014,51.18,51.73,51.130001,51.73,46.227409,1490500
3/13/2014,51.939999,51.939999,50.189999,50.450001,45.083557,2162100
3/14/2014,50.25,50.849998,50.029999,50.09,44.761852,1724100
3/17/2014,50.259998,50.93,50.259998,50.68,45.289089,2297000
3/18/2014,50.869999,51.549999,50.709999,51.439999,45.968254,1744500
3/19/2014,51.439999,51.68,51.18,51.599998,46.111233,2126100
3/20/2014,51.439999,53.259998,51.200001,53.23,47.567844,4521800
3/21/2014,53.740002,54.310001,53,53.240002,47.576794,6903900
3/24/2014,53.169998,53.77,52.740002,53.610001,47.907425,3019300
3/25/2014,53.869999,54.330002,53.279999,53.290001,47.621468,3611000
3/26/2014,53.509998,53.73,52.75,52.75,47.138905,2616000
3/27/2014,52.779999,53.16,52.380001,52.580002,46.986988,1197500
3/28/2014,52.849998,53.290001,52.619999,52.84,47.21933,1242400
3/31/2014,53.029999,53.380001,52.869999,53.139999,47.487411,1732000
4/1/2014,53.5,54.099998,53.220001,54.080002,48.327435,2045600
4/2/2014,54.07,54.279999,53.75,54.060001,48.309559,1945800
4/3/2014,54.16,54.400002,53.790001,53.98,48.238064,1603300
4/4/2014,54.240002,54.369999,52.810001,52.919998,47.290825,2272600
4/7/2014,52.970001,53.849998,52.84,53.119999,47.46954,2231100
4/8/2014,52.990002,54.009998,52.990002,53.959999,48.220192,2136000
4/9/2014,54.16,54.330002,53.700001,54.299999,48.524029,1417500
4/10/2014,54.150002,54.360001,52.48,52.490002,46.906555,1905700
4/11/2014,52.43,52.93,52.07,52.09,46.54911,2104100
4/14/2014,52.650002,52.75,52.060001,52.459999,46.879753,1486300
4/15/2014,52.400002,53.290001,52.23,53.18,47.523167,2280600
4/16/2014,53.150002,53.150002,51.34,52.150002,46.602722,3049900
4/17/2014,52.09,53.189999,52.07,52.849998,47.22826,2051900
4/21/2014,53.07,53.18,52.560001,52.900002,47.272949,786800
4/22/2014,52.860001,53.419998,52.59,53.299999,47.630405,1113200
4/23/2014,53.279999,53.57,53.09,53.290001,47.621468,956500
4/24/2014,53.900002,54.369999,53.560001,53.700001,47.987858,2437300
4/25/2014,53.02,53.150002,51.02,51.419998,45.950371,3307000
4/28/2014,51.209999,51.91,50.07,50.990002,45.566124,2243800
4/29/2014,50.669998,51.419998,50.669998,51.189999,45.744839,1350600
4/30/2014,50.98,51.349998,50.560001,51.290001,45.834213,1762500
5/1/2014,51.380001,51.529999,50.77,50.82,45.414204,1529100
5/2/2014,50.939999,51.830002,50.790001,51.41,45.941448,2033200
5/5/2014,50.990002,51.5,50.869999,51.18,45.735909,674100
5/6/2014,51.25,51.310001,50.740002,50.740002,45.342712,1731600
5/7/2014,50.720001,50.93,50.080002,50.799999,45.396336,1788200
5/8/2014,50.720001,51.919998,50.509998,51.310001,45.852077,1967000
5/9/2014,51.290001,51.400002,50.830002,51.25,45.798462,1039200
5/12/2014,51.810001,52.349998,51.439999,52.23,46.674217,1496000
5/13/2014,52.369999,52.459999,51.34,51.470001,45.99506,2074500
5/14/2014,51.279999,51.369999,51.02,51.060001,45.628677,1816200
5/15/2014,50.919998,51.220001,50.41,50.779999,45.378456,2559100
5/16/2014,50.990002,51.66,50.720001,51.599998,46.111233,3128200
5/19/2014,51.599998,52.189999,51.560001,51.98,46.450809,1700900
5/20/2014,52.07,52.23,51.689999,51.98,46.450809,4419000
5/21/2014,52.740002,52.75,50.880001,51.330002,45.869953,4534700
5/22/2014,51.349998,52.029999,51.349998,51.740002,46.236343,2021300
5/23/2014,51.889999,52.459999,51.610001,52.389999,46.817196,1578600
5/27/2014,52.560001,53.130001,52.360001,53.02,47.380188,1920900
5/28/2014,52.580002,52.59,52.09,52.450001,47.200207,1659700
5/29/2014,52.650002,52.720001,52.200001,52.259998,47.029217,1683400
5/30/2014,52.439999,52.52,52.18,52.380001,47.137215,1265300
6/2/2014,52.41,52.560001,51.919998,52.369999,47.128208,1401500
6/3/2014,52.25,52.619999,52.150002,52.470001,47.218204,1145700
6/4/2014,52.209999,52.619999,52.209999,52.490002,47.236198,1079600
6/5/2014,52.310001,52.669998,52.040001,52.57,47.308189,1353100
6/6/2014,52.860001,53.279999,52.599998,52.689999,47.41618,1201200
6/9/2014,54.279999,56.18,54.279999,55.310001,49.773937,6815600
6/10/2014,55.189999,56.040001,55.139999,55.790001,50.205902,2720900
6/11/2014,55.139999,56.02,55.139999,55.630001,50.061913,2147200
6/12/2014,55.619999,55.900002,55.27,55.439999,49.89093,1534200
6/13/2014,55.540001,55.98,55.290001,55.619999,50.052921,1649700
6/16/2014,55.490002,55.82,55.16,55.5,49.944927,1882700
6/17/2014,55.330002,55.919998,55.299999,55.700001,50.124901,1251900
6/18/2014,55.639999,55.700001,54.799999,55.130001,49.611961,1751800
6/19/2014,55.27,55.27,54.48,54.93,49.431973,1853500
6/20/2014,55,55,54.48,54.689999,49.216003,3092400
6/23/2014,54.77,54.959999,54.450001,54.52,49.063015,894000
6/24/2014,54.52,54.689999,53.779999,53.869999,48.478069,1113900
6/25/2014,53.82,54.049999,53.450001,53.75,48.370087,1757900
6/26/2014,53.66,53.759998,53.07,53.549999,48.190102,1481600
6/27/2014,53.82,53.880001,53.279999,53.5,48.145107,1485500
6/30/2014,53.650002,54.139999,53.490002,54.07,48.658043,2167000
7/1/2014,53.77,54.66,53.73,54.52,49.063015,2201400
7/2/2014,54.389999,54.720001,54.18,54.41,48.964024,1740400
7/3/2014,54.419998,54.84,54.259998,54.830002,49.341988,711200
7/7/2014,54.59,54.93,54.5,54.66,49.188999,1197900
7/8/2014,54.68,54.91,54.25,54.450001,49.000019,1645600
7/9/2014,54.48,54.869999,53.490002,54.740002,49.260998,1200300
7/10/2014,54.110001,54.669998,53.830002,54.400002,48.955029,982600
7/11/2014,54.459999,54.459999,54.009998,54.290001,48.856041,933900
7/14/2014,54.759998,54.93,53.759998,53.849998,48.460072,2179400
7/15/2014,53.77,54.200001,53.450001,53.73,48.352081,1900200
7/16/2014,53.830002,54.060001,53.509998,53.669998,48.298092,1787400
7/17/2014,53.389999,53.540001,52.93,52.939999,47.641155,1369700
7/18/2014,53.040001,53.689999,52.939999,53.48,48.12711,1173100
7/21/2014,53.349998,53.75,53.110001,53.459999,48.109112,977900
7/22/2014,53.599998,53.869999,53.560001,53.75,48.370087,1165800
7/23/2014,53.400002,53.400002,51.209999,51.279999,46.147312,3931100
7/24/2014,51.360001,51.639999,50.810001,51.299999,46.16531,2517500
7/25/2014,51.009998,51.049999,50,50.16,45.139408,3059800
7/28/2014,50.16,50.720001,49.66,50.549999,45.490372,2407900
7/29/2014,50.5,51.18,50.459999,50.52,45.463379,1508500
7/30/2014,50.82,51.130001,50.57,50.860001,45.769348,1887200
7/31/2014,50.400002,50.830002,49.619999,49.630001,44.662457,1888300
8/1/2014,49.610001,50.18,49.470001,50.009998,45.004421,1698900
8/4/2014,50,50.110001,49.380001,49.689999,44.716461,1851700
8/5/2014,49.610001,49.970001,49.279999,49.650002,44.680466,1752800
8/6/2014,49.580002,50.189999,49.360001,50.049999,45.040417,2074300
8/7/2014,50.18,50.299999,48.860001,48.93,44.032528,2243300
8/8/2014,49.060001,49.619999,48.810001,49.540001,44.581467,2026000
8/11/2014,49.810001,50.299999,49.57,49.93,44.932426,1137800
8/12/2014,49.75,50.220001,49.639999,50.18,45.157417,1192700
8/13/2014,50.16,50.66,50.080002,50.529999,45.472378,1754000
8/14/2014,50.419998,50.900002,50.400002,50.740002,45.661362,1566900
8/15/2014,51.189999,51.619999,50.75,51.18,46.057316,1930700
8/18/2014,51.220001,51.509998,51.080002,51.34,46.201305,1016600
8/19/2014,51.450001,51.919998,51.290001,51.720001,46.543266,1105700
8/20/2014,51.52,52.290001,51.52,52.169998,46.948235,1357400
8/21/2014,52.029999,52.580002,51.759998,52.540001,47.281193,1181600
8/22/2014,52.669998,52.790001,52.34,52.5,47.245193,900100
8/25/2014,52.75,52.950001,51.849998,51.93,46.73225,1902700
8/26/2014,52,52.34,51.759998,52.209999,46.984226,2658900
8/27/2014,51.650002,52.110001,49.990002,51.029999,45.922337,4754300
8/28/2014,50.950001,51.41,50.709999,51.290001,46.156311,2094900
8/29/2014,51.669998,51.700001,50.91,51.119999,46.003323,1631500
9/2/2014,51.099998,51.349998,50.400002,50.619999,45.553368,2045500
9/3/2014,50.389999,50.799999,50.09,50.25,45.553368,1931600
9/4/2014,50.25,50.669998,50.25,50.41,45.69841,1435400
9/5/2014,50.400002,50.779999,50.130001,50.220001,45.52618,1893500
9/8/2014,50.07,50.419998,49.860001,50.07,45.39019,2252700
9/9/2014,49.93,50.25,49.75,49.799999,45.145424,1918400
9/10/2014,49.689999,49.919998,49.470001,49.639999,45.000374,2327000
9/11/2014,49.32,49.91,49.259998,49.759998,45.109161,2132400
9/12/2014,49.68,49.759998,48.900002,49.119999,44.528976,2238000
9/15/2014,49.23,49.349998,48.650002,48.869999,44.302353,1777300
9/16/2014,48.650002,49.330002,48.639999,49.200001,44.601509,2001400
9/17/2014,49,50.02,49,49.630001,44.991318,1814300
9/18/2014,49.790001,50.369999,49.57,50.290001,45.589642,1594600
9/19/2014,50.639999,50.639999,49.810001,49.990002,45.317669,2917300
9/22/2014,49.75,50.080002,49.369999,49.919998,45.254219,3344700
9/23/2014,49.459999,50.099998,49.25,49.669998,45.027576,3190000
9/24/2014,49.720001,50.189999,49.599998,50,45.326736,2203700
9/25/2014,49.939999,50.049999,49.549999,49.639999,45.000374,3193900
9/26/2014,49.73,50.110001,49.619999,50.029999,45.353939,1613600
9/29/2014,49.689999,50,49.52,49.810001,45.154491,1632900
9/30/2014,49.82,50.009998,49.450001,49.490002,44.86441,3185500
10/1/2014,49.349998,49.419998,48.169998,48.25,43.740303,2480500
10/2/2014,48.240002,48.349998,47.240002,47.799999,43.332359,3576600
10/3/2014,47.970001,48.130001,47.5,47.580002,43.132927,1821800
10/6/2014,47.799999,48.049999,47.029999,47.150002,42.743118,2351400
10/7/2014,46.790001,46.98,46.119999,46.209999,41.890968,3086700
10/8/2014,46.099998,47.810001,46,47.75,43.287037,3219000
10/9/2014,47.75,47.939999,46.34,46.34,42.008816,6539900
10/10/2014,44.299999,44.470001,42.57,43.450001,39.388931,10052700
10/13/2014,43.43,44.380001,42.860001,43.099998,39.071644,4187800
10/14/2014,43.93,44.66,43.380001,43.459999,39.397999,4012100
10/15/2014,42.759998,44.439999,42.59,44.119999,39.9963,4467400
10/16/2014,43.439999,44.91,43.200001,44.599998,40.431442,3386200
10/17/2014,44.990002,45.900002,44.860001,44.939999,40.739677,3334900
10/20/2014,44.75,45.400002,44.610001,45.32,41.084152,1884400
10/21/2014,45.889999,46.82,45.509998,46.720001,42.353306,2765700
10/22/2014,46.900002,47.150002,46,46.02,41.718731,2549900
10/23/2014,46.57,46.720001,46.209999,46.419998,42.081337,2234000
10/24/2014,46.700001,47.110001,46.25,46.849998,42.471153,1862800
10/27/2014,46.68,46.759998,46.220001,46.619999,42.26265,1817800
10/28/2014,46.77,47.119999,46.330002,46.990002,42.598068,1791000
10/29/2014,46.93,47.330002,46.400002,47.310001,42.888157,2415400
10/30/2014,47.290001,47.299999,46.380001,47,42.607132,3025800
10/31/2014,48.709999,50.540001,48.48,49.619999,44.982254,6689200
11/3/2014,49.720001,50.209999,49.48,49.720001,45.072903,3318900
11/4/2014,49.599998,49.919998,49.330002,49.450001,44.828144,1684500
11/5/2014,49.779999,50.049999,49.18,50.029999,45.353939,1493500
11/6/2014,50,50.369999,49.419998,50.220001,45.52618,2017900
11/7/2014,50.400002,50.41,49.700001,50.240002,45.544304,1962600
11/10/2014,50.16,50.549999,49.98,50.419998,45.707478,1771600
11/11/2014,50.389999,50.52,49.880001,50.139999,45.453651,1211800
11/12/2014,50.02,50.360001,49.810001,50.259998,45.562439,1226400
11/13/2014,50.43,50.639999,49.950001,50.209999,45.517113,1113400
11/14/2014,50.34,50.689999,49.84,50.619999,45.888786,1509900
11/17/2014,50.34,50.490002,49.810001,50.349998,45.644024,1662900
11/18/2014,50.310001,51.27,50.23,51.259998,46.468971,2333300
11/19/2014,51.419998,51.439999,50.5,50.75,46.006645,1795000
11/20/2014,50.349998,51.200001,50.349998,51.169998,46.387383,1762700
11/21/2014,51.950001,51.950001,51.150002,51.650002,46.822517,1638800
11/24/2014,51.959999,51.959999,51.27,51.799999,46.958508,1615600
11/25/2014,51.740002,51.98,51.5,51.709999,46.876911,2500300
11/26/2014,52.529999,54.689999,52.509998,54.560001,49.460537,5683400
11/28/2014,54.950001,54.950001,54.32,54.639999,49.533058,1336800
12/1/2014,54.48,54.939999,54.189999,54.650002,49.54213,2463400
12/2/2014,54.540001,55.25,54.279999,55.209999,50.049786,2182200
12/3/2014,54.950001,56.880001,54.950001,56.509998,51.57391,6303000
12/4/2014,56.459999,56.700001,55.990002,56.619999,51.674309,3137500
12/5/2014,56.75,57.380001,56.310001,57.34,52.331413,2266400
12/8/2014,56.950001,57.34,55.82,56.18,51.272732,2124000
12/9/2014,55.830002,56.389999,55.43,56.369999,51.446136,2445900
12/10/2014,56.360001,56.650002,55.419998,55.639999,50.779903,2177800
12/11/2014,57.990002,57.990002,55.619999,56.25,51.33662,2559400
12/12/2014,55.52,56.389999,55.43,55.919998,51.035446,3175800
12/15/2014,56.009998,56.810001,55.310001,55.419998,50.579121,2000700
12/16/2014,55.43,56.029999,54.73,54.779999,49.995026,2362100
12/17/2014,54.849998,56.09,54.220001,55.990002,51.099339,2358300
12/18/2014,56.82,57.060001,56.02,57.060001,52.075871,2337600
12/19/2014,57.029999,57.360001,56.419998,56.75,51.792942,3194100
12/22/2014,56.880001,57.5,56.77,57.490002,52.468307,1008600
12/23/2014,57.5,57.889999,56.509998,56.66,51.710812,3065300
12/24/2014,56.900002,56.98,56.560001,56.709999,51.756439,1262100
12/26/2014,56.799999,56.98,56.189999,56.279999,51.364002,1555500
12/29/2014,56.200001,56.380001,55.740002,56.080002,51.181473,1777400
12/30/2014,55.84,56.09,55.32,55.560001,50.706894,1677700
12/31/2014,55.939999,56.41,55.490002,55.52,50.670387,1746800
1/2/2015,55.68,56.25,54.970001,55.540001,50.688641,1323200
1/5/2015,55.400002,55.450001,54.5,54.529999,49.766857,1445200
1/6/2015,54.73,54.799999,53.209999,53.25,48.598671,1707500
1/7/2015,53.490002,54.130001,53.029999,53.810001,49.109756,1723000
1/8/2015,54.389999,55.18,54.080002,54.759998,49.976776,1874900
1/9/2015,54.990002,55.040001,54.119999,54.720001,49.940269,1720300
1/12/2015,54.619999,54.75,53.860001,54.169998,49.43832,1250500
1/13/2015,54.689999,55.52,53.27,53.549999,48.872459,2330600
1/14/2015,53.419998,54.459999,52.93,53.509998,48.83596,2523800
1/15/2015,53.700001,54.200001,52.669998,52.73,48.124092,1990300
1/16/2015,52.459999,53.759998,52.209999,53.689999,49.000233,1998000
1/20/2015,54.189999,54.689999,53.669998,54.389999,49.639091,1786400
1/21/2015,54.240002,54.869999,53.82,54.580002,49.8125,1585100
1/22/2015,54.709999,54.759998,53.220001,54.75,49.967644,2555700
1/23/2015,54.860001,54.959999,54.259998,54.509998,49.748608,1935300
1/26/2015,54.650002,54.93,54.02,54.66,49.885506,1338900
1/27/2015,53.919998,54.110001,53.110001,53.369999,48.708183,1963300
1/28/2015,53.869999,54.32,52.830002,52.93,48.306625,1687800
1/29/2015,52.990002,53.610001,52.43,53.23,48.58041,1568500
1/30/2015,52.82,53.360001,52.049999,52.110001,47.558243,1928800
2/2/2015,52.099998,52.470001,51.290001,52.299999,47.731647,2536000
2/3/2015,52.59,54.040001,52.57,53.970001,49.255775,2209600
2/4/2015,53.639999,54.150002,53.450001,53.779999,49.082378,1466500
2/5/2015,53.799999,55.009998,53.5,54.950001,50.150177,2207600
2/6/2015,54.869999,55.889999,54.810001,55.009998,50.204933,1907300
2/9/2015,54.709999,55.110001,54.400002,54.560001,49.794243,1436600
2/10/2015,54.75,55.599998,54.389999,55.540001,50.688641,1253500
2/11/2015,55.529999,56,55.240002,55.619999,50.761654,909100
2/12/2015,56.360001,56.73,55.959999,56.720001,51.765572,1687400
2/13/2015,56.84,57.240002,56.5,57.049999,52.066742,1404300
2/17/2015,56.5,58.860001,56.41,58.810001,53.673012,5685100
2/18/2015,58.400002,58.73,57.099998,58.380001,53.280571,4091800
2/19/2015,58.41,58.669998,58.169998,58.650002,53.526985,1837900
2/20/2015,58.619999,59.139999,58.18,59.130001,53.96505,1420200
2/23/2015,58.950001,58.990002,58.389999,58.98,53.828159,1029500
2/24/2015,58.900002,59.650002,57.82,59.610001,54.403122,1863100
2/25/2015,59.310001,59.389999,58.799999,58.990002,54.200989,1344400
2/26/2015,59.060001,59.220001,58.59,58.880001,54.099926,1671600
2/27/2015,59,59.040001,58.509998,58.540001,53.787525,1198200
3/2/2015,58.810001,59.779999,58.540001,59.779999,54.926857,1854000
3/3/2015,59.540001,59.599998,58.439999,58.740002,53.971283,1499300
3/4/2015,58.330002,58.720001,57.950001,58.400002,53.65889,1036400
3/5/2015,58.560001,58.869999,58.18,58.450001,53.704826,985000
3/6/2015,58.290001,58.57,57.450001,57.93,53.227047,1584100
3/9/2015,57.970001,58.59,57.970001,58.459999,53.71402,1313300
3/10/2015,57.82,58.110001,57.200001,57.200001,52.556316,1368200
3/11/2015,57.419998,57.889999,57.099998,57.290001,52.639004,1412900
3/12/2015,56.810001,57.549999,56.68,57.509998,52.841137,1010000
3/13/2015,57.310001,57.700001,56.799999,57.529999,52.85952,1276300
3/16/2015,57.810001,58.830002,57.650002,58.799999,54.026409,1367500
3/17/2015,58.419998,58.799999,58.080002,58.759998,53.989666,1845200
3/18/2015,58.549999,59.889999,58.34,59.669998,54.825783,3019400
3/19/2015,59.43,60.119999,59.110001,60,55.128998,2724600
3/20/2015,60.380001,61.32,59.950001,61.07,56.112125,4481000
3/23/2015,60.68,61.09,60.299999,60.400002,55.496525,2163000
3/24/2015,60.27,60.509998,60,60.360001,55.45977,2737800
3/25/2015,60.34,60.34,57.540001,57.560001,52.887085,3767300
3/26/2015,56.919998,57.889999,56.27,57.419998,52.75845,2847200
3/27/2015,57.459999,58.869999,57.009998,58.84,54.063171,2514100
3/30/2015,62.099998,64.940002,61.849998,64.809998,59.548496,10493700
3/31/2015,64.18,64.519997,62.860001,63,57.885445,3694200
4/1/2015,62.830002,63.220001,62.009998,62.57,57.490349,2363500
4/2/2015,62.299999,63.330002,61.950001,62.240002,57.187149,2200500
4/6/2015,61.59,62.939999,61.330002,62.779999,57.683311,2329800
4/7/2015,62.709999,63.66,62.279999,63.240002,58.105968,2118300
4/8/2015,63.130001,63.889999,63.02,63.669998,58.501053,2266200
4/9/2015,63.32,64.099998,63.23,64.029999,58.831821,1574600
4/10/2015,64.279999,64.389999,63.849998,64.239998,59.02478,1274000
4/13/2015,64.25,64.650002,63.610001,63.75,58.574558,1475200
4/14/2015,63.630001,63.860001,62.459999,62.57,57.490349,2292600
4/15/2015,62.93,64.059998,62.860001,63.93,58.739948,1557000
4/16/2015,63.52,64.230003,63.490002,64.110001,58.905331,1453700
4/17/2015,63.360001,63.759998,63.07,63.419998,58.271347,2449500
4/20/2015,63.669998,64.410004,63.619999,63.720001,58.546997,1508900
4/21/2015,64.150002,64.540001,63.790001,64.370003,59.144218,1435900
4/22/2015,64.739998,64.739998,63.669998,64.489998,59.254482,1021800
4/23/2015,63.040001,63.82,62.799999,63.59,58.427547,2707700
4/24/2015,63.580002,63.599998,61.849998,62.529999,57.453602,3916500
4/27/2015,62.02,63.27,62.02,62.669998,57.582237,1689400
4/28/2015,62.68,63.459999,62.5,63.220001,58.087585,1912300
4/29/2015,63.049999,63.650002,62.310001,62.82,57.720058,1547500
4/30/2015,62.549999,62.669998,61.290001,61.84,56.81963,2985900
5/1/2015,62.349998,63.57,62.34,63.27,58.133518,3636800
5/4/2015,63.630001,63.900002,63.150002,63.25,58.115147,1436400
5/5/2015,63.040001,63.040001,61.720001,61.77,56.755295,1630200
5/6/2015,62.07,62.27,61.259998,61.639999,56.635857,1673100
5/7/2015,61.830002,62.619999,61.57,62.040001,57.003384,1760100
5/8/2015,62.75,63.439999,62.400002,62.720001,57.628174,2026900
5/11/2015,62.75,63,62.630001,62.639999,57.554672,1396700
5/12/2015,62.240002,62.490002,61.59,62.080002,57.040138,1614400
5/13/2015,62.25,62.869999,62.029999,62.240002,57.187149,1659000
5/14/2015,62.970001,63.830002,62.709999,63.400002,58.252975,1918800
5/15/2015,63.889999,63.93,62.959999,63.18,58.050835,2333200
5/18/2015,63.23,63.709999,63.029999,63.360001,58.216213,3451900
5/19/2015,63.799999,64.339996,63.299999,63.450001,58.298916,4538900
5/20/2015,64.199997,66.849998,64,66.18,60.807285,7012400
5/21/2015,66,66.019997,65.050003,65.489998,60.173294,3560700
5/22/2015,65.540001,67.470001,65.470001,67.099998,61.652596,3560300
5/26/2015,66.949997,67.150002,65.940002,66.849998,61.422897,2970000
5/27/2015,66.57,68.440002,66.480003,68.290001,63.123688,2995700
5/28/2015,68.349998,68.75,67.68,68.309998,63.142178,1722500
5/29/2015,68.5,68.510002,67.589996,67.959999,62.818657,2362000
6/1/2015,68.410004,68.970001,67.800003,68.75,63.548878,2453000
6/2/2015,68.690002,68.699997,67.510002,67.709999,62.58757,1819000
6/3/2015,68.080002,68.080002,67.190002,67.290001,62.199341,1227200
6/4/2015,66.919998,67.43,66.620003,66.940002,61.875824,2167500
6/5/2015,66.949997,67.610001,66.410004,67.370003,62.273296,1769500
6/8/2015,67.43,67.519997,65.720001,65.949997,60.960705,2301300
6/9/2015,66.07,66.389999,65.269997,65.690002,60.720387,2278400
6/10/2015,66.080002,67.879997,65.739998,67.720001,62.596809,2998100
6/11/2015,67.739998,67.849998,67.129997,67.220001,62.134628,1384200
6/12/2015,66.75,66.919998,66.07,66.260002,61.247269,1241500
6/15/2015,65.75,66.769997,65.370003,66.699997,61.65398,1701900
6/16/2015,66.550003,66.940002,66.339996,66.629997,61.589264,1384800
6/17/2015,66.82,67.610001,66.82,67.230003,62.143879,2190600
6/18/2015,67.599998,68.629997,67.510002,68.300003,63.132927,1988400
6/19/2015,68.339996,68.550003,67.290001,67.910004,62.772434,3150800
6/22/2015,68.339996,68.599998,67.410004,68.019997,62.874119,1999900
6/23/2015,68.040001,68.260002,67.389999,67.529999,62.421185,1391800
6/24/2015,67.459999,67.650002,66.75,66.839996,61.78339,1361900
6/25/2015,67.059998,67.330002,66.300003,66.589996,61.552288,1589300
6/26/2015,66.370003,67.169998,65.260002,65.800003,60.822063,5640200
6/29/2015,65.410004,65.599998,63.830002,63.990002,59.148994,2736500
6/30/2015,64.339996,64.68,63.82,64.190002,59.33387,1927600
7/1/2015,65.080002,66.279999,64.379997,64.57,59.68512,2100300
7/2/2015,64.580002,64.900002,63.900002,64.379997,59.509487,1860000
7/6/2015,63.849998,64.309998,63.369999,63.59,58.779251,2055500
7/7/2015,63.470001,63.66,61.689999,63.380001,58.585148,2417800
7/8/2015,62.799999,62.98,61.389999,61.939999,57.254078,2945200
7/9/2015,62.82,63.220001,60.880001,60.889999,56.283524,3328900
7/10/2015,61.400002,62.049999,61.09,61.509998,56.856613,1777300
7/13/2015,62.060001,62.150002,61.650002,61.869999,57.189369,1589200
7/14/2015,62,62.77,61.900002,62.619999,57.882641,1968300
7/15/2015,62.240002,63.150002,62.139999,62.919998,58.159935,2252400
7/16/2015,62.509998,63.25,62.240002,62.830002,58.076752,1782600
7/17/2015,62.82,62.830002,62.060001,62.459999,57.734741,1574400
7/20/2015,62.610001,62.73,61.950001,61.990002,57.300304,1395300
7/21/2015,61.900002,62.470001,60.599998,62.080002,57.383495,1655900
7/22/2015,58.73,58.950001,57.16,58.650002,54.212982,5695500
7/23/2015,58.990002,61.220001,58.75,60.049999,55.507065,3235500
7/24/2015,60.369999,60.59,58.360001,58.490002,54.065094,2506600
7/27/2015,58.220001,58.400002,57.529999,57.889999,53.510471,2084700
7/28/2015,58.27,59.560001,57.619999,58.990002,54.52726,2581500
7/29/2015,58.869999,59.009998,58.25,58.790001,54.342388,2355100
7/30/2015,58.66,59.060001,57.98,58.82,54.370117,2131900
7/31/2015,59.049999,59.049999,58.209999,58.330002,53.917194,1930700
8/3/2015,58.43,59.040001,58.349998,58.669998,54.231472,2262300
8/4/2015,58.529999,59.200001,58.049999,58.48,54.055836,1620800
8/5/2015,59.139999,60.84,58.869999,60.700001,56.107887,3227900
8/6/2015,60.32,60.790001,58.73,58.869999,54.41634,2922600
8/7/2015,58.810001,59.75,58,59.610001,55.100349,2469300
8/10/2015,59.950001,61.23,59.950001,61.09,56.468384,1957500
8/11/2015,60.610001,60.849998,59.16,59.380001,54.887753,2057600
8/12/2015,58.779999,60.009998,58.27,59.740002,55.220516,2127000
8/13/2015,59.66,59.889999,58.869999,59,54.536499,1895700
8/14/2015,58.849998,59.27,58.529999,58.84,54.388618,1612100
8/17/2015,58.470001,59.52,58.299999,59.5,54.998672,1408700
8/18/2015,58.990002,59.419998,57.330002,57.900002,53.519718,4584900
8/19/2015,60.73,60.82,57.75,58.380001,53.963402,9485000
8/20/2015,57.259998,57.400002,53.799999,53.82,49.748379,5913900
8/21/2015,53.349998,55.25,53.029999,53.779999,49.711411,5870900
8/24/2015,51.490002,54,50.860001,51.669998,47.761028,6843300
8/25/2015,53.299999,53.639999,50.560001,50.610001,46.781223,3945500
8/26/2015,51.889999,54.290001,50.959999,54.220001,50.517387,5216300
8/27/2015,54.75,56.509998,54.619999,56.48,52.623055,5323200
8/28/2015,56.099998,56.990002,55.689999,56.450001,52.595097,3329700
8/31/2015,56.32,56.41,55.509998,55.860001,52.045399,2629800
9/1/2015,54.25,54.880001,53.23,53.549999,49.893139,3574400
9/2/2015,54.68,54.68,53.59,54.59,50.862125,2095700
9/3/2015,55.25,55.880001,54.700001,55.169998,51.402512,2318700
9/4/2015,54.080002,54.66,53.700001,53.959999,50.275139,1693700
9/8/2015,55.990002,57.82,55.459999,57.77,53.824959,4119600
9/9/2015,57.939999,58.650002,56.119999,56.27,52.427399,2809300
9/10/2015,55.990002,56.549999,55.310001,56.009998,52.18515,3366000
9/11/2015,55.599998,56.459999,55.330002,56.349998,52.50193,1762800
9/14/2015,57.279999,57.599998,56.830002,57.560001,53.629307,3124700
9/15/2015,57.560001,58.599998,57.560001,58.299999,54.318768,2939700
9/16/2015,58.540001,58.549999,57.75,58.450001,54.458527,2085300
9/17/2015,58.380001,58.959999,57.860001,57.93,53.974037,2521100
9/18/2015,57.119999,57.330002,56.209999,56.669998,52.800072,3907700
9/21/2015,56.880001,57.380001,56.16,56.630001,52.762814,2856500
9/22/2015,55.900002,56.380001,55.029999,55.18,51.411827,2912200
9/23/2015,55.580002,56,55.029999,55.200001,51.430458,1800100
9/24/2015,54.529999,54.700001,52.48,54,50.312412,3544000
9/25/2015,54.529999,55.290001,53.880001,54.439999,50.722366,2143100
9/28/2015,54.27,54.939999,53.459999,53.470001,49.818604,2287600
9/29/2015,53.48,54.310001,53.130001,54.049999,50.358997,2368500
9/30/2015,55.02,56.540001,54.830002,56.41,52.557838,3312400
10/1/2015,56.349998,56.540001,53.709999,54.939999,51.188221,4106800
10/2/2015,54,55.689999,53.700001,55.689999,51.887001,3297000
10/5/2015,56.18,57.810001,55.919998,57.43,53.508183,2778600
10/6/2015,57.380001,57.720001,56.32,56.889999,53.005058,2504700
10/7/2015,57.599998,58.060001,56.639999,57.869999,53.918129,3340300
10/8/2015,57.950001,57.990002,56.59,57.720001,53.778378,2303000
10/9/2015,57.57,57.970001,56.5,56.689999,52.81871,3683400
10/12/2015,56.779999,56.900002,56.330002,56.580002,52.716228,1717200
10/13/2015,56.07,56.639999,55.959999,56.049999,52.22242,2100300
10/14/2015,56.91,64.160004,56.75,60.990002,56.825077,11994700
10/15/2015,61.5,61.759998,60.389999,61.279999,57.095261,4908100
10/16/2015,61.310001,61.540001,59.880001,60.189999,56.079704,3067800
10/19/2015,59.939999,60.389999,59.529999,60.220001,56.107658,2107900
10/20/2015,60.310001,60.970001,59.84,60.400002,56.275364,1725600
10/21/2015,61.02,62.5,61.02,61.75,57.533176,4551000
10/22/2015,63.279999,63.950001,62.419998,63.400002,59.070496,3499200
10/23/2015,64.040001,64.110001,63.099998,63.619999,59.275471,2277000
10/26/2015,63.25,63.389999,61.439999,61.529999,57.328201,2608600
10/27/2015,60.830002,61.779999,60.830002,61.389999,57.197758,1608900
10/28/2015,62.5,63.200001,60.209999,61.860001,57.635654,4532600
10/29/2015,59.959999,60.950001,59.27,59.98,55.884048,2374500
10/30/2015,60.209999,60.610001,59.950001,60.119999,56.014484,2097600
11/2/2015,60.189999,60.790001,59.830002,60.34,56.219456,1778900
11/3/2015,60.220001,60.939999,60.220001,60.66,56.517605,1140500
11/4/2015,60.610001,60.700001,60.09,60.490002,56.359219,1442500
11/5/2015,60.830002,60.919998,60.049999,60.360001,56.238094,1202300
11/6/2015,60.419998,61.98,60.290001,61.700001,57.486591,1866500
11/9/2015,61.529999,61.549999,60.560001,60.959999,56.797127,1519600
11/10/2015,59.57,60.279999,59.540001,59.970001,55.874729,1850400
11/11/2015,60.34,60.799999,59.799999,59.900002,55.809509,1268900
11/12/2015,59.720001,60.759998,59.330002,59.459999,55.399555,2120800
11/13/2015,59.459999,59.650002,57.799999,58.130001,54.160378,2230200
11/16/2015,58.080002,58.540001,57.779999,58.48,54.486485,2617600
11/17/2015,58.490002,59.709999,58.27,59.299999,55.250481,2341500
11/18/2015,59.330002,60.830002,59.299999,60.740002,56.592148,1797300
11/19/2015,60.389999,60.41,59.43,59.77,55.688389,2755000
11/20/2015,60.209999,60.209999,59.220001,59.419998,55.362286,3044000
11/23/2015,58.900002,59,56.5,56.799999,52.9212,7029300
11/24/2015,59.380001,61.02,57.419998,60.419998,56.294003,7189300
11/25/2015,60.459999,61.360001,59.830002,60.25,56.135605,3348400
11/27/2015,60.23,60.73,60,60.450001,56.321953,915700
11/30/2015,60.389999,62.080002,60.389999,61.630001,57.421375,3358100
12/1/2015,62.09,62.400002,61.279999,61.57,57.365463,3044400
12/2/2015,61.330002,61.970001,60.619999,60.740002,56.962212,2031100
12/3/2015,61.400002,61.459999,58.810001,59.049999,55.377319,3560400
12/4/2015,57.759998,59.709999,56.77,59.209999,55.527367,5550200
12/7/2015,59.220001,59.490002,58.34,58.5,54.861526,2590700
12/8/2015,58.080002,58.330002,57.509998,58.02,54.411381,2178100
12/9/2015,58,58.060001,56.439999,56.650002,53.126591,2479200
12/10/2015,56.669998,57.509998,56.439999,57.150002,53.595493,3170200
12/11/2015,56.290001,57.110001,56.290001,56.93,53.389179,3886300
12/14/2015,56.880001,57.27,56.400002,56.82,53.286018,2896200
12/15/2015,55.849998,57.849998,55.700001,56.549999,53.03281,4702100
12/16/2015,56.939999,57.740002,56.310001,57.529999,53.951851,1960100
12/17/2015,57.439999,57.869999,56.110001,56.119999,52.629547,2249600
12/18/2015,55.75,56.369999,55.119999,55.169998,51.73864,4719900
12/21/2015,55.830002,55.860001,55.349998,55.830002,52.357597,1763500
12/22/2015,56.549999,56.98,55.849998,56.02,52.535774,1135200
12/23/2015,56.360001,56.84,56.23,56.48,52.967167,1153100
12/24/2015,56.48,57,56.48,56.799999,53.267258,536300
12/28/2015,56.669998,56.84,55.869999,56.450001,52.939034,1203900
12/29/2015,56.799999,57.75,56.689999,57.310001,53.745537,1347700
12/30/2015,57.169998,57.48,56.509998,56.549999,53.03281,1459900
12/31/2015,56.450001,56.549999,55.32,55.32,51.879318,1409400
1/4/2016,54.240002,54.470001,53.630001,54.439999,51.054043,2648900
1/5/2016,54.73,54.84,53.860001,54.040001,50.678925,2689500
1/6/2016,53.07,53.540001,51.43,51.740002,48.521969,3779700
1/7/2016,50.450001,51.459999,50.029999,50.419998,47.284069,5163000
1/8/2016,50.740002,51.549999,49.98,49.98,46.871437,3805200
1/11/2016,51.040001,51.759998,50.419998,51.169998,47.987423,3421500
1/12/2016,51.549999,52.220001,50.970001,51.650002,48.437569,2445900
1/13/2016,51.720001,52.349998,50.029999,50.099998,46.983974,2659500
1/14/2016,50.540001,51.060001,49.91,50.5,47.359097,3377000
1/15/2016,48.16,49.950001,47.240002,49.82,46.721394,8245400
1/19/2016,50.330002,50.98,48.490002,49.389999,46.318138,3707100
1/20/2016,49.349998,51.130001,49,50.580002,47.434124,5069700
1/21/2016,51.509998,51.68,50.110001,50.529999,47.38723,3972000
1/22/2016,51.5,51.759998,50.810001,51.380001,48.184361,1767600
1/25/2016,51.27,51.52,50.77,51.049999,47.874886,2642200
1/26/2016,51.34,51.959999,50.900002,51.290001,48.099968,2357000
1/27/2016,51.029999,52.209999,50.82,51.279999,48.090588,2747900
1/28/2016,51.669998,51.970001,51.139999,51.759998,48.540726,2693200
1/29/2016,52.07,53.939999,51.330002,53.860001,50.510117,3378100
2/1/2016,53.380001,53.700001,52.959999,53.169998,49.863033,2295700
2/2/2016,52.040001,52.66,51.27,51.34,48.146854,3151700
2/3/2016,51.939999,51.970001,50.459999,51.380001,48.184361,2425600
2/4/2016,51.209999,52.150002,50.889999,51.669998,48.456329,1761900
2/5/2016,51.400002,51.810001,49.560001,49.82,46.721394,2506000
2/8/2016,49.25,49.68,48.290001,49.16,46.10244,2994100
2/9/2016,48.84,50.130001,48.619999,49.310001,46.243107,3062600
2/10/2016,49.709999,50.060001,48.919998,48.959999,45.914879,1897500
2/11/2016,48.369999,49.34,48.169998,48.84,45.802341,2416700
2/12/2016,49.599998,49.799999,48.68,49.639999,46.552589,3741500
2/16/2016,49.790001,52.349998,49.790001,52.07,48.831451,4819000
2/17/2016,51.119999,53.98,51.119999,52.73,49.450397,3909900
2/18/2016,53.009998,53.630001,51.93,52.040001,48.80331,2184100
2/19/2016,51.880001,52.41,51.669998,52.099998,48.859581,2276700
2/22/2016,52.669998,53.119999,52.099998,52.610001,49.337868,1776700
2/23/2016,52.459999,52.73,51.389999,51.459999,48.259388,1781400
2/24/2016,50.599998,51.849998,50.099998,51.810001,48.987446,2690900
2/25/2016,53.060001,53.119999,51.43,52.990002,50.103157,2423300
2/26/2016,53.299999,53.619999,52.880001,53.439999,50.528637,1758200
2/29/2016,53.459999,53.950001,52.990002,52.990002,50.103157,2159600
3/1/2016,53.950001,54.720001,53.009998,54.700001,51.719994,2188600
3/2/2016,54.720001,55.709999,54.599998,55.41,52.391315,2411300
3/3/2016,55.610001,55.779999,54.66,55.470001,52.448048,2070100
3/4/2016,55.669998,56.209999,55.110001,55.779999,52.741158,2312000
3/7/2016,55.16,56.490002,55.16,56.490002,53.412476,2180100
3/8/2016,55.98,56.209999,55.060001,55.34,52.325127,2726400
3/9/2016,55.709999,55.91,54.84,54.93,51.937466,2212700
3/10/2016,55.459999,55.810001,54.419998,55.119999,52.117111,1749700
3/11/2016,55.830002,56.029999,55,55.939999,52.892441,1760300
3/14/2016,55.57,56.220001,55.259998,55.669998,52.637154,1403000
3/15/2016,55.34,56.139999,55.16,56.110001,53.053181,1986300
3/16/2016,55.720001,56.889999,55.669998,56.860001,53.762325,1721500
3/17/2016,56.5,57.950001,56.5,57.869999,54.7173,2495700
3/18/2016,57.869999,59.060001,57.73,59.009998,55.795193,4820100
3/21/2016,58.759998,58.98,58.150002,58.849998,55.643906,2575100
3/22/2016,58.68,58.82,57.98,58.52,55.33189,1828500
3/23/2016,58.580002,58.580002,58.150002,58.330002,55.152237,1711700
3/24/2016,58.049999,58.650002,57.669998,58.639999,55.445351,1947800
3/28/2016,58.630001,58.630001,58.139999,58.32,55.142784,1455700
3/29/2016,58.049999,59,57.889999,58.799999,55.59663,1338500
3/30/2016,59,59.43,58.450001,59.110001,55.889744,1305500
3/31/2016,58.91,59.450001,58.689999,59.189999,55.965382,1775900
4/1/2016,58.689999,59.060001,58.549999,58.98,55.766823,1393600
4/4/2016,58.970001,59.049999,58.599998,58.759998,55.558807,938800
4/5/2016,58.43,58.860001,58.290001,58.48,55.294067,1689400
4/6/2016,58.310001,59.25,57.830002,59.16,55.937019,1396100
4/7/2016,58.790001,59.07,57.990002,58.360001,55.180607,1484800
4/8/2016,58.700001,59.009998,58.290001,58.799999,55.59663,1824600
4/11/2016,59.09,59.639999,58.57,58.599998,55.407524,1505800
4/12/2016,58.73,58.990002,58.07,58.799999,55.59663,1454700
4/13/2016,59.18,59.849998,58.810001,59.799999,56.542152,1354200
4/14/2016,59.23,59.619999,58.68,59.439999,56.201763,1558000
4/15/2016,59.389999,59.389999,58.639999,58.66,55.46426,2076600
4/18/2016,58.68,58.869999,58.369999,58.700001,55.502079,1665400
4/19/2016,58.610001,58.779999,57.759998,58.23,55.057682,1674800
4/20/2016,58.52,59.369999,58.439999,59.18,55.955925,1812300
4/21/2016,59.049999,59.139999,58.48,58.810001,55.606091,1464600
4/22/2016,58.91,59.369999,58.200001,58.48,55.294067,1944800
4/25/2016,58.450001,58.889999,57.75,58.43,55.246784,1282400
4/26/2016,58.77,59.869999,58.52,59.330002,56.097763,1776000
4/27/2016,58.5,59.759998,58.209999,59.639999,56.390865,1775700
4/28/2016,59.200001,59.560001,57.560001,57.860001,54.70784,2470400
4/29/2016,57.599998,57.630001,55.880001,56.32,53.251736,2612100
5/2/2016,56.310001,57.040001,55.959999,57.009998,53.904148,1704000
5/3/2016,56.330002,56.720001,56.080002,56.23,53.166641,1653800
5/4/2016,55.790001,56.130001,55.490002,55.830002,52.788437,2345000
5/5/2016,55.98,56.209999,55.419998,55.689999,52.656055,1523300
5/6/2016,55.470001,55.68,54.84,55.470001,52.448048,2666900
5/9/2016,55.689999,56.09,55.18,55.23,52.221123,2125700
5/10/2016,55.549999,56.169998,55.169998,56.099998,53.043724,2618600
5/11/2016,56.049999,56.52,55.68,55.75,52.712791,1591700
5/12/2016,55.959999,56.220001,54.48,54.900002,51.909107,2279000
5/13/2016,54.759998,55.32,54.330002,54.720001,51.738911,1882100
5/16/2016,54.869999,55.810001,54.540001,55.43,52.410221,1897100
5/17/2016,55.310001,56.02,55.25,55.369999,52.353493,2907300
5/18/2016,53.060001,56.139999,53,55.82,52.778984,3219700
5/19/2016,55.669998,56.029999,55.029999,55.700001,52.665516,1779100
5/20/2016,56.009998,57.099998,55.98,56.540001,53.459751,1928900
5/23/2016,56.77,57.439999,56.610001,56.759998,53.667763,1509000
5/24/2016,57.099998,58.349998,56.959999,58.220001,55.048229,1649100
5/25/2016,57.950001,58.389999,57.810001,58.27,55.495857,1445400
5/26/2016,58.209999,58.490002,57.990002,58.290001,55.514896,1033000
5/27/2016,58.349998,58.720001,58.130001,58.439999,55.657757,1000800
5/31/2016,58.43,58.610001,58.040001,58.5,55.714909,1348300
6/1/2016,58.110001,58.77,58.110001,58.650002,55.857761,1077100
6/2/2016,57.200001,58.34,57.200001,58.279999,55.505371,1704200
6/3/2016,58.560001,58.560001,57.779999,58.110001,55.343472,1462900
6/6/2016,58.049999,58.400002,57.040001,57.09,54.372025,4243500
6/7/2016,57.48,57.950001,56.880001,57.790001,55.038704,3267900
6/8/2016,57.880001,58.119999,57.5,57.779999,55.029179,1241200
6/9/2016,57.57,57.610001,57.200001,57.560001,54.81966,1052700
6/10/2016,56.889999,57.279999,56.610001,56.959999,54.248215,1364100
6/13/2016,56.860001,57.549999,56.700001,56.869999,54.162506,1103200
6/14/2016,56.82,57.25,56.57,57.07,54.352982,2202500
6/15/2016,57.259998,57.290001,56.73,56.869999,54.162506,2391100
6/16/2016,56.509998,57,55.900002,56.900002,54.191074,1088000
6/17/2016,56.849998,56.849998,55.610001,55.990002,53.324402,2659100
6/20/2016,56.779999,57.369999,56.73,56.790001,54.086311,1850700
6/21/2016,56.990002,57.16,56.650002,57.060001,54.343464,1243600
6/22/2016,57.139999,57.560001,56.779999,56.849998,54.143452,1718400
6/23/2016,57.52,58.119999,57.32,58.110001,55.343472,1608900
6/24/2016,54.91,56.369999,54.75,55.040001,52.419628,8490000
6/27/2016,53.860001,54.18,52.169998,52.549999,50.048168,3599600
6/28/2016,53.529999,54.32,53.110001,54.310001,51.724384,3244200
6/29/2016,54.689999,55.650002,54.610001,55.619999,52.972012,2484700
6/30/2016,55.75,56.689999,55.400002,56.639999,53.943455,2573300
7/1/2016,56.150002,56.919998,55.849998,56.630001,53.933926,1910900
7/5/2016,55.990002,56.400002,55.040001,55.360001,52.724403,1711600
7/6/2016,55.150002,55.599998,54.549999,55.459999,52.81963,1434000
7/7/2016,55.490002,56.360001,55.290001,55.950001,53.286304,1382000
7/8/2016,56.509998,57.790001,56.43,57.740002,54.991089,2287100
7/11/2016,57.990002,58.549999,57.84,58.25,55.476803,1788500
7/12/2016,58.68,59.029999,58.259998,58.990002,56.181572,1309500
7/13/2016,59.27,59.619999,58.990002,59.52,56.686344,2477700
7/14/2016,60,60.18,59.669998,60.02,57.162544,1721700
7/15/2016,60.25,60.25,59.970001,60.150002,57.28635,1984700
7/18/2016,60.5,60.830002,60.259998,60.43,57.553024,1836800
7/19/2016,60.09,60.48,59.889999,60.27,57.400639,1366100
7/20/2016,60.43,60.919998,60.150002,60.689999,57.800632,1397800
7/21/2016,60.650002,60.650002,59.720001,59.950001,57.095871,1379500
7/22/2016,60.049999,60.439999,59.66,60.400002,57.524448,823700
7/25/2016,60.490002,60.59,60.200001,60.529999,57.648254,1195600
7/26/2016,61.150002,64.220001,61.080002,62.869999,59.876854,5046000
7/27/2016,66.779999,66.910004,62.950001,63.330002,60.314957,14943500
7/28/2016,63.459999,64.389999,62.75,64.220001,61.162582,4724100
7/29/2016,64.199997,64.440002,63.5,63.830002,60.791149,3241900
8/1/2016,64.190002,64.32,63.540001,63.98,60.934002,2669100
8/2/2016,63.779999,63.84,62.490002,62.84,59.848282,2740500
8/3/2016,62.650002,63.580002,62.240002,62.869999,59.876854,1899900
8/4/2016,63.07,63.389999,62.700001,63.34,60.324482,1780700
8/5/2016,63.5,63.73,63.07,63.689999,60.65781,1843000
8/8/2016,63.830002,63.939999,63.290001,63.439999,60.41972,1839200
8/9/2016,63.880001,64.150002,63.630001,63.82,60.781624,1933800
8/10/2016,64,64,63.16,63.790001,60.753052,2054900
8/11/2016,63.990002,64.139999,62.869999,64.139999,61.086388,1324900
8/12/2016,64.059998,64.360001,63.77,64.239998,61.181622,1357800
8/15/2016,64.239998,65.489998,64.239998,65.269997,62.162586,2534100
8/16/2016,65.150002,65.150002,64.589996,64.879997,61.791161,2475600
8/17/2016,64.260002,64.839996,63.16,64.199997,61.143532,3247300
8/18/2016,64.300003,64.849998,63.75,64.129997,61.076862,2130600
8/19/2016,63.919998,64.580002,63.830002,64.139999,61.086388,1964600
8/22/2016,64.400002,64.410004,63.75,63.84,60.800671,1942000
8/23/2016,64.379997,64.739998,63.790001,63.799999,60.762577,1936000
8/24/2016,63.59,63.84,62.700001,62.700001,60.110664,2613100
8/25/2016,62.82,63.040001,62.560001,62.720001,60.129837,2336700
8/26/2016,63,63.529999,62.57,62.959999,60.359928,2144400
8/29/2016,63.09,63.450001,62.810001,62.889999,60.29282,1506400
8/30/2016,63.060001,63.349998,62.650002,62.900002,60.302402,1432500
8/31/2016,62.900002,62.970001,62.360001,62.560001,59.976448,1860600
9/1/2016,62.099998,63.07,61.599998,63.060001,60.455795,1814000
9/2/2016,63.290001,63.529999,62.91,63.150002,60.54208,1989300
9/6/2016,63.240002,63.43,62.509998,62.73,60.13942,1779400
9/7/2016,62.540001,62.860001,61.439999,61.650002,59.104031,2215400
9/8/2016,61.66,61.799999,61.119999,61.41,58.873936,2024700
9/9/2016,60.830002,61.119999,59.369999,59.619999,57.157852,3609600
9/12/2016,59.130001,60.669998,59.009998,60.619999,58.116562,2520700
9/13/2016,60.389999,60.869999,59.939999,60.450001,57.953579,3161700
9/14/2016,60.509998,61.18,60.119999,60.919998,58.404167,1906400
9/15/2016,60.880001,62.720001,60.869999,62.650002,60.062725,3235500
9/16/2016,62.77,62.849998,61.459999,62.049999,59.487503,2947800
9/19/2016,62.419998,63.049999,62.209999,62.459999,59.880569,2167200
9/20/2016,62.689999,62.91,62.25,62.34,59.765526,2304200
9/21/2016,62.599998,63.400002,62.52,63.299999,60.685883,2042300
9/22/2016,63.889999,64.019997,63.369999,63.68,61.05019,2323900
9/23/2016,63.700001,63.82,63.23,63.23,60.618767,3185500
9/26/2016,62.790001,62.98,62.220001,62.279999,59.708004,3196400
9/27/2016,62.279999,63.93,61.810001,63.810001,61.174828,2551000
9/28/2016,64.019997,64.129997,63.27,63.93,61.28986,2313200
9/29/2016,63.990002,64.269997,62.93,63.740002,61.107712,1820100
9/30/2016,64.139999,64.970001,63.41,64.449997,61.788387,3104700
10/3/2016,64.290001,64.739998,64.059998,64.25,61.596649,1921100
10/4/2016,64.209999,64.93,63.98,64.239998,61.587055,1571300
10/5/2016,64.480003,65.18,63.799999,64.68,62.008888,2089100
10/6/2016,64.599998,64.830002,64.040001,64.739998,62.06641,1355300
10/7/2016,64.620003,64.620003,63.740002,64.419998,61.759632,1851900
10/10/2016,64.779999,64.879997,63.34,63.349998,60.733818,2117300
10/11/2016,63.310001,63.650002,61.639999,62.099998,59.535442,3533100
10/12/2016,62.150002,62.16,60.700001,61.189999,58.663021,3305100
10/13/2016,60.799999,60.860001,59.540001,60.709999,58.202843,3570700
10/14/2016,61.110001,62.709999,60.970001,62.060001,59.497097,3834700
10/17/2016,61.650002,62.290001,61.330002,61.700001,59.151955,2475900
10/18/2016,62.330002,62.84,62.02,62.139999,59.573788,2755600
10/19/2016,61.84,62.07,61.27,61.91,59.353283,1380400
10/20/2016,62.279999,63.68,61.669998,63.470001,60.848862,4556300
10/21/2016,63.130001,63.330002,62.220001,62.91,60.311985,1827100
10/24/2016,63.529999,64.050003,63.439999,64.019997,61.376141,1316300
10/25/2016,64.019997,64.260002,63.740002,64.059998,61.414494,3078000
10/26/2016,63.57,63.75,63.099998,63.439999,60.820103,2576100
10/27/2016,63.869999,64.160004,63.060001,63.27,60.657124,2067200
10/28/2016,63.450001,64.290001,63.349998,63.529999,60.906384,2412200
10/31/2016,64.040001,64.440002,63.740002,64.099998,61.452843,2175500
11/1/2016,64.400002,64.400002,62.84,63.599998,60.973492,3643400
11/2/2016,63.790001,64.18,63.400002,63.66,61.031017,2359000
11/3/2016,63.75,64.029999,63.34,63.849998,61.213169,2329000
11/4/2016,62.889999,64.019997,62.889999,63.43,60.810513,2136500
11/7/2016,64.529999,64.550003,63.959999,64.360001,61.70211,2982700
11/8/2016,64.080002,65.400002,63.709999,64.849998,62.171871,2224500
11/9/2016,63.080002,65.290001,62.5,64.970001,62.286922,2448800
11/10/2016,65.209999,65.970001,63.450001,64.25,61.596649,2189000
11/11/2016,64.290001,65.440002,64.110001,65.32,62.622463,2172200
11/14/2016,65.419998,66.830002,65.330002,66.459999,63.715378,4325300
11/15/2016,66.730003,68.489998,66.470001,68.209999,65.393105,3345000
11/16/2016,68.139999,68.5,67.68,67.879997,65.076744,3525800
11/17/2016,67.889999,68.32,67.379997,68.209999,65.393105,1610800
11/18/2016,67.919998,68.580002,67.620003,68.470001,65.64238,1580100
11/21/2016,68.75,69.910004,68.709999,69.82,66.93663,3583500
11/22/2016,73.050003,74.870003,72.519997,72.889999,69.879829,7844300
11/23/2016,73.669998,74.110001,72.610001,73.589996,70.550941,5922900
11/25/2016,73.449997,74.32,72.910004,74.199997,71.135742,1998300
11/28/2016,74.010002,74.459999,73.529999,74.160004,71.097397,3126700
11/29/2016,74.169998,74.860001,73.449997,74.529999,71.45211,2918000
11/30/2016,74.360001,74.75,73.620003,74.239998,71.577454,3803300
12/1/2016,73.559998,74.18,68.669998,69.010002,66.535019,5518200
12/2/2016,68.660004,70.260002,68.419998,70.110001,67.595573,3248100
12/5/2016,70.839996,71.230003,70.150002,70.599998,68.067993,2445000
12/6/2016,71.019997,71.5,70.260002,71,68.453659,2196800
12/7/2016,70.980003,72.959999,70.519997,72.940002,70.324089,2648400
12/8/2016,72.989998,74.25,72.75,73.879997,71.230362,2153600
12/9/2016,74.540001,74.82,72.489998,73.139999,70.516899,2106700
12/12/2016,72.849998,73.260002,72.199997,72.900002,70.285507,2194600
12/13/2016,73.110001,73.730003,72.790001,73.099998,70.47834,2171900
12/14/2016,73.230003,73.43,72.290001,72.540001,69.938423,2482200
12/15/2016,72.809998,73.940002,72.540001,73.610001,70.970047,2165700
12/16/2016,73.769997,74,71.970001,72.089996,69.504555,5020100
12/19/2016,72.410004,73,72.150002,72.809998,70.198738,1947700
12/20/2016,72.919998,73.589996,72.809998,73.400002,70.767578,1729600
12/21/2016,73.690002,74.290001,73.269997,73.599998,70.960396,1868000
12/22/2016,73.889999,73.949997,73.010002,73.449997,70.815773,1680600
12/23/2016,73.370003,73.870003,73.339996,73.839996,71.191788,1229100
12/27/2016,73.809998,74.620003,73.809998,74.309998,71.644943,897000
12/28/2016,74.540001,74.599998,73.529999,73.559998,70.921844,1851000
12/29/2016,73.379997,73.879997,73.230003,73.580002,70.941116,1331000
12/30/2016,73.800003,74.019997,72.389999,72.620003,70.015549,1758500
1/3/2017,72.599998,74.129997,72.089996,72.510002,69.909508,2687200
1/4/2017,72.769997,73.029999,72.25,72.360001,69.764885,1971000
1/5/2017,72.410004,72.610001,71.279999,71.32,68.762177,2067300
1/6/2017,71.580002,71.949997,71,71.599998,69.032127,2069700
1/9/2017,71.639999,72.510002,71.519997,71.940002,69.35994,2399500
1/10/2017,71.870003,72.510002,71.849998,72.349998,69.755234,2403200
1/11/2017,72.269997,72.660004,72.07,72.620003,70.015549,1580900
1/12/2017,72.419998,72.419998,71,72.220001,69.62989,2099200
1/13/2017,72.360001,72.879997,72.110001,72.669998,70.063774,1509100
1/17/2017,72.230003,73.410004,71.849998,72.279999,69.687744,2373700
1/18/2017,72.639999,73.629997,72.220001,73.010002,70.391579,2107100
1/19/2017,72.879997,73.389999,72.290001,72.440002,69.842003,1988200
1/20/2017,72.089996,73.650002,72.089996,72.879997,70.266228,1811600
1/23/2017,72.739998,73.239998,72.410004,72.779999,70.169815,2205600
1/24/2017,73.010002,73.68,72.559998,73.510002,70.873627,3312900
1/25/2017,74.690002,75.589996,74.510002,74.540001,71.866699,3944300
1/26/2017,74.370003,74.540001,73.769997,74.199997,71.538879,4172100
1/27/2017,74.550003,76.940002,74.25,76.93,74.170975,3820600
1/30/2017,76.760002,76.760002,75.230003,76.279999,73.544296,2476300
1/31/2017,76.139999,76.190002,74.599998,74.940002,72.25235,2609900
2/1/2017,75.760002,76.730003,75.419998,76.169998,73.438232,2588600
2/2/2017,75.660004,76.029999,75.139999,75.230003,72.531952,2490000
2/3/2017,75.519997,75.730003,75.260002,75.519997,72.811531,2143100
2/6/2017,75.650002,75.650002,74.940002,75.529999,72.821175,1789200
2/7/2017,75.690002,76.580002,75.389999,76.309998,73.573219,2136100
2/8/2017,77,77.75,76.779999,77.480003,74.701248,3397800
2/9/2017,77.769997,77.769997,76.480003,76.510002,73.766037,2192300
2/10/2017,76.779999,76.779999,75.540001,76.529999,73.785316,1667900
2/13/2017,77.010002,78.029999,76.809998,77.919998,75.125481,2637600
2/14/2017,77.839996,77.970001,77.07,77.839996,75.04834,2584100
2/15/2017,80.800003,81.629997,77.959999,81.599998,78.673485,7032700
2/16/2017,81,82.57,80.75,81.970001,79.030228,3465000
2/17/2017,81.800003,82.5,81.480003,82.480003,79.521927,2933200
2/21/2017,82.5,82.870003,81.989998,82.82,79.849747,2375600
2/22/2017,82.309998,82.389999,81.519997,82.059998,79.549217,3679500
2/23/2017,82.150002,82.160004,81.029999,81.610001,79.112991,2277500
2/24/2017,80.970001,81.699997,80.82,81.68,79.180847,2841100
2/27/2017,81.650002,82.43,81.239998,82.279999,79.762497,1793100
2/28/2017,82.18,82.239998,81.580002,81.93,79.423195,2045400
3/1/2017,82.449997,83.790001,82.150002,83.760002,81.197212,2265100
3/2/2017,83.389999,84.080002,83.040001,83.650002,81.090576,2714300
3/3/2017,83.620003,83.650002,83.040001,83.18,80.634964,2357200
3/6/2017,83,84.239998,82.349998,83.849998,81.284462,3717400
3/7/2017,83.699997,84.169998,83.209999,83.410004,80.857918,2892700
3/8/2017,83.769997,83.849998,83.18,83.480003,80.925774,2381400
3/9/2017,83.379997,83.660004,82.800003,83.169998,80.625267,2005300
3/10/2017,83.870003,83.870003,82.029999,82.199997,79.684929,7495200
3/13/2017,82.150002,82.989998,82.050003,82.760002,80.227806,4873800
3/14/2017,82.519997,83.730003,82.400002,83.68,81.119652,4881100
3/15/2017,83.449997,83.669998,82.559998,83.510002,80.954865,4499200
3/16/2017,83.290001,83.5,82.410004,82.720001,80.189026,4107700
3/17/2017,83.309998,83.339996,82.730003,83.260002,80.712509,4184000
3/20/2017,83.260002,83.699997,82.879997,82.900002,80.363525,2714000
3/21/2017,83.25,83.459999,81.690002,81.800003,79.297173,3316600
3/22/2017,81.839996,82.260002,81.650002,82.120003,79.607384,2604300
3/23/2017,82.239998,82.330002,81.309998,81.540001,79.045143,3395000
3/24/2017,81.860001,82.949997,81.400002,81.639999,79.142067,2223500
3/27/2017,81,81.540001,80.389999,81.400002,78.909416,2450700
3/28/2017,81.309998,82.510002,81.07,82.199997,79.684929,2916400
3/29/2017,81.889999,82.220001,81.470001,81.910004,79.403824,2040500
3/30/2017,81.870003,82.610001,81.629997,82.199997,79.684929,1337700
3/31/2017,82.050003,82.480003,81.769997,81.949997,79.442581,2337300
4/3/2017,82.019997,82.269997,80.860001,81.239998,78.754303,3084400
4/4/2017,80.809998,81.389999,80.5,81.239998,78.754303,5040800
4/5/2017,81.589996,81.650002,80,80.040001,77.591026,3513800
4/6/2017,80.110001,80.660004,79.589996,80.32,77.862457,3970800
4/7/2017,80.300003,80.589996,79.650002,80.010002,77.561943,3308900
4/10/2017,80,80.120003,79.190002,79.330002,76.90274,2907000
4/11/2017,78.940002,78.949997,76.940002,78.080002,75.69101,6040200
4/12/2017,78.269997,78.449997,76.629997,76.870003,74.518021,2904100
4/13/2017,76.870003,77.849998,76.470001,76.510002,74.169037,2223200
4/17/2017,76.779999,77.199997,76.150002,76.389999,74.052696,2462200
4/18/2017,75.830002,77.529999,75.82,77.410004,75.041496,3342500
4/19/2017,77.690002,78.199997,76.93,76.989998,74.634354,2625500
4/20/2017,77.519997,78.889999,77.199997,78.660004,76.253265,2898900
4/21/2017,77.199997,78.18,76.410004,77.629997,75.254761,4476600
4/24/2017,79.470001,80.07,78.989998,79.220001,76.796112,2993600
4/25/2017,79.400002,79.730003,78.949997,79.349998,76.922142,2570300
4/26/2017,79.410004,79.459999,77.580002,77.980003,75.594063,2998700
4/27/2017,78.650002,78.879997,77.559998,77.849998,75.468033,2375300
4/28/2017,77.860001,77.980003,75.959999,76.199997,73.868507,4316400
5/1/2017,75.050003,76.419998,74.650002,76.220001,73.887909,4571800
5/2/2017,76.480003,76.489998,75.300003,75.510002,73.199638,5528100
5/3/2017,75.309998,75.860001,75.160004,75.599998,73.286873,3132000
5/4/2017,75.739998,76.169998,75.209999,75.660004,73.345047,2300600
5/5/2017,75.779999,75.870003,75.269997,75.790001,73.471062,3283400
5/8/2017,75.660004,76.589996,75.360001,76.379997,74.043015,5040200
5/9/2017,76.830002,79.190002,76.769997,78.5,76.098145,5265300
5/10/2017,79.510002,80.010002,78.620003,79.029999,76.611931,3944400
5/11/2017,78.730003,79.25,77.809998,78.440002,76.039986,2288800
5/12/2017,78.620003,79.040001,78.459999,78.629997,76.224174,1975300
5/15/2017,79.169998,80.370003,78.809998,80.209999,77.755821,4034200
5/16/2017,80.449997,81.309998,80.080002,81.050003,78.570129,3011900
5/17/2017,80.019997,80.269997,78.370003,78.419998,76.020599,3592000
5/18/2017,79.519997,81.32,79.029999,80.480003,78.017563,5026600
5/19/2017,80.650002,82.269997,80.650002,81.239998,78.754303,4024400
5/22/2017,81.57,82.360001,81.43,82.089996,79.5783,2009500
5/23/2017,82.089996,82.32,80.900002,81.959999,79.452286,2146500
5/24/2017,82.459999,82.580002,81.669998,82.120003,79.607384,1749100
5/25/2017,82.32,82.949997,81.739998,82.339996,79.820656,4015000
5/26/2017,82.5,82.889999,81.940002,82.809998,80.276276,1910600
5/30/2017,83,85.169998,83,84.800003,82.205399,6744900
5/31/2017,88.989998,90.489998,85.760002,85.760002,83.136009,14864300
6/1/2017,86.279999,86.32,81.900002,82.209999,79.694626,11366000
6/2/2017,81.610001,82.139999,79.919998,80.910004,78.43441,8927600
6/5/2017,81.010002,81.300003,78.260002,78.75,76.3405,8580200
6/6/2017,78.610001,80.440002,78.610001,80.099998,77.649185,5486300
6/7/2017,80.150002,81.099998,80.129997,80.830002,78.799561,3913700
6/8/2017,81.300003,82.510002,80.339996,82.440002,80.369102,3739200
6/9/2017,82.93,82.980003,77.580002,78.599998,76.625565,4941900
6/12/2017,78.010002,80.470001,77.93,79.739998,77.736923,5528600
6/13/2017,80.150002,81.730003,80.150002,81.230003,79.189507,4063400
6/14/2017,81.690002,81.860001,79.980003,80.940002,78.906799,3173900
6/15/2017,79.779999,80.75,79.540001,79.75,77.746681,2986100
6/16/2017,80.18,80.230003,78.970001,80.040001,78.029396,5700600
6/19/2017,81,81.25,79.839996,80.370003,78.351105,3118000
6/20/2017,80.279999,81.650002,79.18,79.199997,77.210495,3918100
6/21/2017,79.5,80.209999,79,79.980003,77.970901,3525100
6/22/2017,80.800003,81.669998,80,81.32,79.277237,4364500
6/23/2017,81.160004,82.139999,80.900002,81.550003,79.501465,10736900
6/26/2017,81.949997,82.099998,79.910004,80.57,78.546074,2536500
6/27/2017,80.139999,80.550003,77.82,78.139999,76.177116,4009800
6/28/2017,78.550003,79.389999,77.860001,79.199997,77.210495,2721300
6/29/2017,78.940002,79.120003,76.18,77.739998,75.787163,3580600
6/30/2017,78.300003,78.330002,77.220001,77.800003,75.845673,2193600
7/3/2017,78.269997,78.550003,76.07,76.110001,74.198112,1368100
7/5/2017,76.489998,78.110001,76.379997,77.739998,75.787163,2767400
7/6/2017,76.910004,77.730003,76.510002,77.330002,75.387482,2898000
7/7/2017,77.639999,78.849998,77.5,78.470001,76.49884,2803700
7/10/2017,78.510002,78.860001,77.760002,78.730003,76.752312,2167800
7/11/2017,78.949997,80.360001,78.269997,79.860001,77.85392,2763000
7/12/2017,80.400002,81.169998,80.029999,80.370003,78.351105,2590800
7/13/2017,80.32,80.75,79.860001,80.269997,78.253616,1709300
7/14/2017,80.720001,81.690002,80.510002,81.550003,79.501465,2153600
7/17/2017,81.610001,81.849998,80.940002,81.089996,79.053017,1483000
7/18/2017,80.959999,81.190002,80.150002,81.139999,79.101768,1686000
7/19/2017,81.349998,81.379997,80.120003,80.370003,78.351105,2810300
7/20/2017,80.349998,80.889999,79.989998,80.849998,78.819038,1804800
7/21/2017,80.07,80.220001,78.43,78.959999,76.976524,3122500
7/24/2017,78.959999,79.459999,78.419998,78.75,76.771797,1924700
7/25/2017,78.790001,80.099998,78.449997,79.519997,77.522453,1865700
7/26/2017,80.139999,81.300003,79.800003,80.720001,78.692314,2298100
7/27/2017,80.830002,81.279999,78.959999,79.550003,77.55172,2683400
7/28/2017,79.239998,79.370003,78.489998,79.239998,77.249489,1677700
7/31/2017,79.459999,79.93,78.940002,79.010002,77.025276,2199700
8/1/2017,79.230003,79.470001,78.639999,78.949997,76.966766,1728100
8/2/2017,79.489998,79.650002,78.360001,78.82,76.840042,2250800
8/3/2017,78.669998,78.989998,77.730003,77.940002,75.98214,2162900
8/4/2017,78.089996,78.400002,77.529999,77.779999,75.826172,2382200
8/7/2017,79.650002,79.650002,77.760002,78.870003,76.888786,2047900
8/8/2017,78.660004,79.879997,78.410004,78.970001,76.986275,1894200
8/9/2017,78.519997,78.650002,77.419998,77.980003,76.021141,1979000
8/10/2017,77.470001,77.949997,76.650002,76.830002,74.900024,2355400
8/11/2017,76.760002,78.290001,76.410004,78.040001,76.079636,1919400
8/14/2017,78.660004,80.160004,78.57,79.900002,77.892906,2230200
8/15/2017,79.93,80.370003,79.279999,79.959999,77.951401,1784200
8/16/2017,80.010002,80.900002,79.790001,80.059998,78.048889,2147200
8/17/2017,79.800003,79.889999,77.550003,77.559998,75.611687,2064500
8/18/2017,77.599998,78.07,77.029999,77.739998,75.787163,1884400
8/21/2017,77.809998,77.989998,76.949997,77.699997,75.748161,1461300
8/22/2017,78.120003,79.300003,78.089996,79.169998,77.181252,1735400
8/23/2017,78.5,79.300003,78.120003,79.07,77.083755,1597900
8/24/2017,79.349998,79.440002,78.830002,79.269997,77.27874,1316900
8/25/2017,79.57,79.839996,78.809998,78.970001,76.986275,1006600
8/28/2017,79.209999,79.709999,79.199997,79.440002,77.444473,1888500
8/29/2017,78.690002,79.82,78.540001,79.550003,77.55172,2737200
8/30/2017,82.129997,83.889999,81.239998,83.720001,81.616959,6868400
8/31/2017,84.339996,85,83.400002,83.669998,81.568207,5136800
9/1/2017,83.970001,85.18,83.599998,84.379997,82.260368,2647300
9/5/2017,83.739998,84.099998,82.010002,83,80.915031,2890500
9/6/2017,83.209999,83.559998,82.220001,82.510002,80.437355,3021700
9/7/2017,82.650002,82.68,80.800003,81.099998,79.496338,3993100
9/8/2017,81.209999,81.589996,80.099998,80.440002,78.84938,2695200
9/11/2017,80.809998,82.690002,80.809998,82.220001,80.594185,4105000
9/12/2017,82.629997,82.800003,81.489998,82.150002,80.525574,2657200
9/13/2017,81.830002,82.389999,81.699997,82.059998,80.437347,1964200
9/14/2017,81.75,83.139999,81.709999,82.339996,80.711807,2226100
9/15/2017,82.370003,84.059998,82.190002,83.839996,82.182152,2923800
9/18/2017,85,85.540001,84.07,85.169998,83.485847,3348500
9/19/2017,85.209999,85.709999,84.330002,85.239998,83.554466,1790900
9/20/2017,85.209999,85.290001,82.910004,83.690002,82.035118,2171800
9/21/2017,83.519997,84.379997,83.089996,84.239998,82.574234,2885200
9/22/2017,83.809998,85.239998,83.75,84.919998,83.240784,2097700
9/25/2017,84.470001,85,83.620003,83.879997,82.221359,1923100
9/26/2017,84.580002,84.660004,83.599998,83.910004,82.250771,1281400
9/27/2017,84.57,85.230003,83.809998,84.919998,83.240784,1513000
9/28/2017,84.589996,85.779999,84.449997,85.639999,83.946564,1570100
9/29/2017,85.68,86.410004,85.580002,86.169998,84.46608,1712500
10/2/2017,86.589996,86.769997,85.68,85.82,84.123001,1688500
10/3/2017,85.959999,86.529999,85.839996,85.900002,84.201416,2215100
10/4/2017,85.75,87.080002,85.580002,87,85.279663,2533900
10/5/2017,87.099998,88.349998,86.699997,87.889999,86.152061,2683500
10/6/2017,87.489998,87.989998,87.400002,87.870003,86.132462,1118500
10/9/2017,87.959999,88.269997,87.279999,87.709999,85.975616,1748400
10/10/2017,88.080002,88.139999,87.370003,87.989998,86.250076,1294000
10/11/2017,87.709999,88.589996,87.690002,88.57,86.818619,1761900
10/12/2017,88.480003,89.059998,88.300003,88.830002,87.073479,2309600
10/13/2017,88.949997,89.669998,88.510002,89.059998,87.298927,2230900
10/16/2017,89.480003,89.629997,88.209999,88.830002,87.073479,2007700
10/17/2017,88.669998,89.059998,88.370003,88.940002,87.181305,1247300
10/18/2017,89.209999,89.260002,88.279999,89,87.24012,1129500
10/19/2017,88.32,88.830002,87.379997,88.800003,87.044083,1577500
10/20/2017,89.610001,89.93,88.760002,88.93,87.171501,1778500
10/23/2017,89.43,89.669998,88.559998,88.769997,87.014656,2031000
10/24/2017,88.769997,90.790001,88.379997,90.290001,88.504616,2671600
10/25/2017,89.660004,90.449997,89.230003,89.860001,88.083115,2039600
10/26/2017,90.260002,90.959999,89.860001,90.559998,88.769272,1239700
10/27/2017,90.769997,91.379997,89.959999,91.209999,89.40641,1625000
10/30/2017,91.349998,91.959999,90.889999,91.32,89.514244,1248000
10/31/2017,91.470001,91.739998,90.75,91.300003,89.494644,1530500
11/1/2017,91.849998,92.110001,90.589996,90.989998,89.190773,2374000
11/2/2017,90.849998,91.470001,90.260002,90.790001,88.99472,1448200
11/3/2017,90.970001,91.830002,90.190002,91.809998,89.994545,1367400
11/6/2017,92.419998,92.959999,91.650002,92.279999,90.455254,1531300
11/7/2017,92.080002,92.57,91.699997,91.900002,90.082779,1416500
11/8/2017,91.900002,92.449997,91.040001,92,90.180794,1617600
11/9/2017,91.669998,91.690002,87.980003,89.699997,87.92627,3143600
11/10/2017,89.540001,90.029999,88.879997,89.589996,87.818451,2736400
11/13/2017,89.360001,90.209999,89,90.029999,88.249748,2428800
11/14/2017,89.790001,90.489998,89.400002,90.440002,88.651642,2172600
11/15/2017,89.580002,89.949997,88.669998,89.160004,87.396957,2250500
11/16/2017,89.790001,90.75,89.410004,90.480003,88.690857,2297900
11/17/2017,91,91.050003,90.239998,90.419998,88.632034,2342900
11/20/2017,90.970001,93.989998,90.730003,93.07,91.22963,6529600
11/21/2017,92.620003,92.830002,88.879997,90.190002,88.406593,6028700
11/22/2017,89.610001,90.739998,88.43,88.650002,86.897041,4028200
11/24/2017,88.669998,89.25,88.010002,89.150002,87.387146,1623800
11/27/2017,88.489998,88.830002,87.400002,87.449997,85.720764,2890700
11/28/2017,87.080002,87.440002,86.389999,87.07,85.348282,3843100
11/29/2017,87.080002,87.290001,83.900002,85.660004,83.966164,6130300
11/30/2017,85.82,86.269997,84.989998,86.110001,84.85302,3866600
12/1/2017,85.510002,85.769997,83.589996,85.400002,84.153389,3545000
12/4/2017,85.559998,85.639999,83.849998,84.790001,83.552299,3723600
12/5/2017,84.529999,85.699997,84.160004,84.830002,83.591705,2340800
12/6/2017,84.260002,85.480003,84.029999,85.410004,84.163239,2805100
12/7/2017,85.610001,86.510002,85.169998,86.110001,84.85302,3914200
12/8/2017,86.449997,86.919998,84.910004,85.519997,84.271629,3411400
12/11/2017,85.489998,86.360001,85.290001,85.800003,84.547546,2322700
12/12/2017,85.75,85.980003,84.910004,85.480003,84.232224,2248900
12/13/2017,85.82,85.93,85.129997,85.18,83.9366,2068000
12/14/2017,85.169998,85.970001,84.82,85.440002,84.19281,2288000
12/15/2017,86.07,87.209999,85.290001,86.690002,85.424561,3766000
12/18/2017,87.209999,88.349998,87.199997,88.089996,86.804115,2743100
12/19/2017,87.779999,88.470001,87.410004,87.949997,86.666161,2098600
12/20/2017,88.120003,88.93,87.839996,88.650002,87.355949,2093000
12/21/2017,89,89.139999,88.419998,88.650002,87.355949,1917100
12/22/2017,88.5,88.870003,88.260002,88.849998,87.553024,1680400
12/26/2017,88.279999,88.849998,87.68,88.629997,87.336243,1378700
12/27/2017,88.889999,89.580002,88.57,89.099998,87.799377,1827400
12/28/2017,89.300003,89.860001,88.699997,89.379997,88.075287,1973000
12/29/2017,89.360001,89.68,88.769997,89.029999,87.7304,3414800
1/2/2018,89.239998,90.650002,88.93,90.279999,88.962151,2343200
1/3/2018,90.279999,91.610001,90.050003,91.400002,90.065804,2009600
1/4/2018,91.870003,92.279999,91.25,91.300003,89.967262,1879600
1/5/2018,91.519997,92.269997,90.830002,91.669998,90.331856,1799100
1/8/2018,91.809998,92.209999,91.360001,91.830002,90.489532,1907400
1/9/2018,91.800003,92.330002,91.419998,91.639999,90.302307,2779700
1/10/2018,91.080002,91.150002,89.790001,90.110001,88.79464,2654400
1/11/2018,90.400002,91.260002,89.940002,91.190002,89.858871,1924200
1/12/2018,91.059998,92.589996,90.57,92.019997,90.67675,3175700
1/16/2018,92.379997,93.699997,92.349998,93.099998,91.74099,3373700
1/17/2018,94,95.959999,93.610001,95.57,94.174927,3920500
1/18/2018,95.580002,98.379997,95.330002,97.239998,95.820557,5285100
1/19/2018,97.639999,97.940002,96.139999,96.139999,94.73661,2762400
1/22/2018,96.389999,97,95.769997,96.650002,95.239166,4442400
1/23/2018,96.690002,97.120003,95.889999,96.470001,95.061798,3247100
1/24/2018,94.379997,96.639999,93.209999,95.339996,93.94828,6258400
1/25/2018,96.190002,96.989998,91.93,91.980003,90.637337,3655900
1/26/2018,93.089996,94.169998,92.580002,93.839996,92.470177,4752300
1/29/2018,93.199997,94.440002,92.410004,93.779999,92.411064,3078100
1/30/2018,92.769997,93.389999,91.370003,91.550003,90.213623,3684900
1/31/2018,91.889999,92.550003,91.419998,91.879997,90.538795,3462000
2/1/2018,91.25,92.580002,91.25,91.650002,90.312164,2312200
2/2/2018,90.739998,91.290001,89.059998,89.110001,87.809235,2922600
2/5/2018,88.75,89.610001,85.330002,85.400002,84.153389,3817400
2/6/2018,84.199997,88.709999,82.760002,88.540001,87.247559,5440800
2/7/2018,86.75,87.949997,85.290001,85.349998,84.104118,4555800
2/8/2018,85.540001,85.599998,82.57,82.68,81.473091,5279100
2/9/2018,83.910004,84.580002,80.949997,83.93,82.704842,5649700
2/12/2018,84.300003,85.900002,84.029999,85.050003,83.808495,3287700
2/13/2018,86.010002,86.43,83.769997,84.339996,83.108856,2688900
2/14/2018,83.519997,85.449997,83.389999,85.129997,83.887321,2819600
2/15/2018,85.940002,85.940002,84.209999,85.400002,84.153389,2214400
2/16/2018,85.279999,86.790001,85.169998,86.089996,84.833321,2570000
2/20/2018,87.279999,89.489998,86.919998,88.410004,87.119453,3961000
2/21/2018,88.709999,90.040001,87.849998,88.410004,87.119453,2604400
2/22/2018,88.459999,89.360001,88.07,88.559998,87.267258,2430000
2/23/2018,89.349998,90.43,89.169998,90.370003,89.050835,2114900
2/26/2018,90.57,92.419998,90.57,92.360001,91.011787,2683600
2/27/2018,92.209999,93.650002,91.629997,92.260002,90.913246,3256300
2/28/2018,94.5,94.919998,89.599998,90.150002,88.834053,4248500
3/1/2018,89.889999,90.529999,86.790001,88.309998,87.020905,4136100
3/2/2018,87.440002,89.669998,86.980003,89.529999,88.223099,2298700
3/5/2018,88.830002,91.699997,88.769997,91.139999,89.809601,2972200
3/6/2018,91.730003,92.57,91.18,91.93,90.588074,1958600
3/7/2018,91.330002,92.800003,90.550003,92.739998,91.386246,2981100
3/8/2018,92.900002,93.300003,92.07,92.720001,91.841888,2175600
3/9/2018,93.300003,94.849998,93.300003,94.730003,93.832855,2768700
3/12/2018,94.739998,95.730003,94.669998,95.529999,94.625275,2766100
3/13/2018,96,96.849998,94.220001,94.660004,93.763519,3521800
3/14/2018,94.940002,95.330002,93.269997,94.089996,93.198906,1549700
3/15/2018,93.919998,94.360001,93.160004,93.940002,93.050331,1274000
3/16/2018,94.099998,95.010002,93.760002,94.150002,93.258339,4067800
3/19/2018,93.730003,93.82,91.839996,93.5,92.614502,2900300
3/20/2018,93.510002,93.629997,92.370003,92.709999,91.831985,1764000
3/21/2018,92.5,93.889999,92.32,92.800003,91.921127,1612700
3/22/2018,91.529999,92.43,90.480003,90.540001,89.682533,2842400
3/23/2018,90.360001,90.849998,87.650002,87.699997,86.869431,2613300
3/26/2018,89.330002,93.190002,88.940002,93.110001,92.228195,3669400
3/27/2018,93.779999,94.32,90.269997,91.050003,90.187706,4507500
3/28/2018,90.709999,91.620003,89.410004,89.910004,89.058502,2602000
3/29/2018,90.699997,92.019997,89.849998,91.129997,90.266937,2663500
4/2/2018,90.470001,90.879997,87.919998,88.75,87.909485,3308600
4/3/2018,89.610001,89.919998,87.900002,89.519997,88.672188,2721600
4/4/2018,87.809998,91.529999,87.540001,91.239998,90.3759,2069900
4/5/2018,92.099998,92.449997,90.260002,90.940002,90.078751,1769400
4/6/2018,89.849998,90.480003,88.129997,88.309998,87.473648,2294300
4/9/2018,89.120003,90.440002,87.900002,87.989998,87.156677,2513900
4/10/2018,89.5,90.809998,88.760002,90.029999,89.177361,2210200
4/11/2018,89.25,91.150002,89.18,90.800003,89.940079,1785200
4/12/2018,91.690002,93.239998,91.199997,93.019997,92.139038,2984200
4/13/2018,93.5,93.599998,92.199997,92.779999,91.901321,1869700
4/16/2018,93.18,93.580002,92.480003,93.139999,92.257912,2125300
4/17/2018,93.650002,95.540001,93.650002,95.169998,94.268684,1920000
4/18/2018,94.779999,95.449997,94.029999,94.57,93.67437,1909600
4/19/2018,92.980003,92.980003,89.760002,89.849998,88.999062,3774200
4/20/2018,89.389999,90,88.660004,89.760002,88.909927,4413800
4/23/2018,90.169998,90.190002,87.519997,88,87.166588,2790300
4/24/2018,89.269997,89.470001,87.32,87.650002,86.819908,3137000
4/25/2018,88.059998,88.919998,87.330002,87.769997,86.938766,2652400
4/26/2018,88.449997,89.029999,87.720001,88.699997,87.859955,1981400
4/27/2018,89.269997,89.379997,87.209999,87.68,86.849617,2738600
4/30/2018,87.769997,88.209999,86.029999,87.349998,86.522743,3756200
5/1/2018,87.139999,89,86.739998,88.860001,88.018448,2094300
5/2/2018,89.010002,89.209999,87.480003,88.300003,87.463753,1586700
5/3/2018,87.519997,88.269997,86.230003,87.910004,87.077446,2261100
5/4/2018,87.550003,90.32,87.120003,90.269997,89.415085,2404800
5/7/2018,89.860001,91.169998,89.860001,90.5,89.642914,1867000
5/8/2018,90.93,91.449997,90.110001,91.419998,90.554199,1575000
5/9/2018,91.860001,92.739998,91.419998,92.620003,91.742836,1939400
5/10/2018,93.080002,93.400002,92.389999,93.339996,92.456009,1914400
5/11/2018,93.080002,93.639999,92.419998,92.599998,91.723022,1359000
5/14/2018,93.190002,94.919998,93.190002,93.870003,92.980995,2173500
5/15/2018,93.07,93.849998,92.790001,93.559998,92.673927,2074900
5/16/2018,93.949997,94.800003,93.580002,94.769997,93.872467,1472800
5/17/2018,94.209999,95.18,94.160004,95.040001,94.139915,3344100
5/18/2018,94.699997,95.57,94.080002,94.879997,93.98143,3222000
5/21/2018,95.57,96.07,94.5,95.300003,94.397453,1694200
5/22/2018,95.779999,96.370003,95.339996,95.709999,94.803574,1336100
5/23/2018,94.610001,95.07,94.050003,94.389999,93.496071,3022900
5/24/2018,94.510002,95.269997,93.989998,95.040001,94.139915,1851600
5/25/2018,94.93,95.5,94.540001,95.449997,94.546028,1467900
5/29/2018,94.68,95.32,93.879997,94.389999,93.496071,3456100
5/30/2018,93.07,96.980003,93,94.980003,94.080482,3232400
5/31/2018,95.910004,98.389999,95.550003,97.18,96.259644,5076800
6/1/2018,97.68,98.43,96.459999,98.400002,97.468094,2298600
6/4/2018,98.5,100.290001,97.43,99.980003,99.033134,2609800
6/5/2018,100.010002,100.919998,99.650002,100.639999,99.686874,1869400
6/6/2018,100.860001,102.150002,100.110001,102.099998,101.133049,2183500
6/7/2018,102.309998,103.589996,101.550003,101.959999,101.47142,3660600
6/8/2018,101.199997,101.309998,100,101.059998,100.575729,2304800
6/11/2018,100.860001,101.849998,100.699997,101.389999,100.904152,1635500
6/12/2018,101.580002,102.07,100.949997,102.019997,101.531128,1998400
6/13/2018,102.139999,102.220001,100.730003,101.050003,100.565788,2064300
6/14/2018,101.730003,102.980003,101.309998,101.699997,101.212662,1855700
6/15/2018,101.959999,101.959999,100.099998,101.5,101.013626,3118200
6/18/2018,100.449997,101.260002,99.830002,101.089996,100.605591,1859100
6/19/2018,99.5,100.129997,98.900002,100.059998,99.580528,1759000
6/20/2018,100.349998,101.07,99.779999,101,100.516022,1419200
6/21/2018,101.339996,101.339996,98.980003,99.160004,98.684845,1691500
6/22/2018,99.830002,99.879997,98.68,99.089996,98.615173,6226500
6/25/2018,98.139999,98.5,96.889999,98.150002,97.67968,4653500
6/26/2018,98.449997,99.410004,98.050003,98.709999,98.236992,2365600
6/27/2018,98.68,99.349998,96.440002,96.5,96.037582,4415200
6/28/2018,96.190002,96.690002,95.050003,95.949997,95.490219,2349500
6/29/2018,96.43,97.830002,95.75,95.919998,95.460365,3116700
7/2/2018,95.040001,96.370003,94.620003,96.309998,95.848495,2058400
7/3/2018,96.739998,96.839996,94.370003,94.510002,94.057121,876000
7/5/2018,95.330002,96.540001,94.93,96.400002,95.938065,1977700
7/6/2018,96.389999,97.410004,95.919998,97.199997,96.73423,1551000
7/9/2018,97.419998,97.860001,96.169998,97.18,96.714325,1861300
7/10/2018,97.410004,98.669998,97.019997,98.540001,98.06781,2229000
7/11/2018,97.400002,97.910004,95.970001,96.220001,95.758926,1509700
7/12/2018,96.18,98.580002,95.900002,98.400002,97.928482,2328900
7/13/2018,98.620003,98.739998,97.889999,98.120003,97.649826,1130200
7/16/2018,98.349998,98.389999,97.32,97.639999,97.172119,1380000
7/17/2018,96.970001,98.339996,96.459999,98.260002,97.789154,1928500
7/18/2018,98.529999,99.400002,98.470001,99.089996,98.615173,1635200
7/19/2018,98.790001,98.959999,97.400002,98.260002,97.789154,1389500
7/20/2018,98.019997,98.690002,97.300003,97.809998,97.341309,1387500
7/23/2018,97.389999,97.959999,96.330002,97.790001,97.321404,1403700
7/24/2018,98.040001,99.18,97.309998,97.449997,96.983032,2964600
7/25/2018,97.480003,98.150002,95.089996,96.550003,96.087349,2612700
7/26/2018,97.57,98.559998,96.730003,97.699997,97.231834,2546000
7/27/2018,98.089996,99.089996,96.709999,96.980003,96.515289,2147600
7/30/2018,97.57,97.57,95.010002,95.309998,94.853287,2545000
7/31/2018,95.68,96.860001,95.580002,96.139999,95.679314,2500900
8/1/2018,95.43,96.739998,95.43,96.040001,95.579788,1717700
8/2/2018,95,96.550003,94.75,96.190002,95.729073,1711800
8/3/2018,96.080002,96.699997,95.870003,96.559998,96.097298,1017800
8/6/2018,96.190002,97.419998,96.059998,97.379997,96.913368,1322200
8/7/2018,97.709999,98.690002,97.449997,98.589996,98.117569,1128800
8/8/2018,98.5,98.709999,97.940002,98.489998,98.018051,1256600
8/9/2018,98.540001,98.669998,97.739998,97.739998,97.271645,1451100
8/10/2018,95.330002,96.709999,94.080002,94.940002,94.485062,2817400
8/13/2018,95.190002,96.129997,94.839996,95.129997,94.674149,1939300
8/14/2018,95.580002,96.239998,94.82,94.849998,94.395493,1761600
8/15/2018,93.940002,94.519997,92.809998,93.760002,93.310715,2022300
8/16/2018,94.389999,95.07,93.959999,94.260002,93.808319,1828700
8/17/2018,93.459999,94.830002,92.669998,94.580002,94.126785,2869400
8/20/2018,94.790001,94.910004,93.239998,93.739998,93.29081,2161000
8/21/2018,94.059998,96.459999,93.419998,95.919998,95.460365,4051300
8/22/2018,92.550003,98.120003,92.050003,97.919998,97.450783,7540400
8/23/2018,98.290001,98.980003,97.239998,97.389999,96.923317,2666100
8/24/2018,98.059998,98.889999,97.440002,98.779999,98.306656,2674800
8/27/2018,99.290001,100.720001,99,100.07,99.590477,2907200
8/28/2018,100.610001,100.870003,99.459999,100.419998,99.938797,3673300
8/29/2018,100.419998,100.419998,99.75,100.169998,99.689995,2370100
8/30/2018,99.480003,100.169998,98.279999,98.57,98.57,1891700
8/31/2018,98.209999,99.239998,98.199997,98.849998,98.849998,1710000
9/4/2018,97.489998,98.889999,97.110001,98.110001,98.110001,4053200
9/5/2018,98.120003,98.839996,97.489998,97.870003,97.870003,2689000
9/6/2018,97.449997,98.089996,96.110001,97.089996,97.089996,2809800
9/7/2018,94.860001,95.919998,93.589996,93.959999,93.959999,5451300
9/10/2018,94.559998,95.18,93.050003,94.589996,94.589996,3120100
9/11/2018,94.120003,94.389999,93.099998,93.25,93.25,3229900
9/12/2018,92.099998,92.559998,89.349998,91.019997,91.019997,5793600
9/13/2018,92.190002,93.07,90.879997,92.400002,92.400002,3516800
9/14/2018,92.550003,93.43,92.089996,92.529999,92.529999,2843300
9/17/2018,92.110001,92.82,91.160004,91.309998,91.309998,1975500
