Date,Open,High,Low,Close,Adj Close SOXX,Volume
9/18/2013,67.309998,67.919998,66.970001,67.82,63.534771,107900
9/19/2013,67.980003,68.029999,67.400002,67.620003,63.347416,36300
9/20/2013,67.779999,67.989998,67.18,67.25,63.000778,31000
9/23/2013,67.720001,67.720001,66.699997,66.970001,62.738464,224500
9/24/2013,66.900002,67.379997,66.629997,67.089996,63.134663,57700
9/25/2013,67.139999,67.519997,66.739998,67.160004,63.200535,33500
9/26/2013,67.309998,67.540001,66.889999,67.120003,63.162888,30400
9/27/2013,66.790001,66.849998,66.440002,66.580002,62.654728,56700
9/30/2013,66.019997,66.849998,65.760002,66.650002,62.720589,136200
10/1/2013,66.760002,67.410004,66.639999,67.290001,63.322857,52000
10/2/2013,66.82,67.18,66.730003,67.169998,63.209938,32500
10/3/2013,67.220001,67.529999,66.349998,67,63.049957,54800
10/4/2013,67.160004,67.68,67.07,67.510002,63.529881,60000
10/7/2013,66.910004,67.599998,66.760002,67.169998,63.209938,91100
10/8/2013,67.260002,67.379997,65.849998,66.099998,62.203007,311600
10/9/2013,66.199997,66.199997,65.18,65.860001,61.977158,324700
10/10/2013,66.5,67.440002,66.5,67.330002,63.3605,351500
10/11/2013,67.040001,67.669998,66.849998,67.459999,63.482845,66200
10/14/2013,67.059998,68.080002,67,67.989998,63.981598,93000
10/15/2013,67.900002,68.120003,67.32,67.379997,63.407555,92800
10/16/2013,67.480003,68.089996,67.459999,68.019997,64.009834,116500
10/17/2013,67.589996,68.519997,67.360001,68.519997,64.480339,38700
10/18/2013,68.589996,68.75,68.139999,68.709999,64.659134,66300
10/21/2013,68.790001,68.959999,68.650002,68.879997,64.819115,63100
10/22/2013,69,69.010002,68.400002,68.720001,64.668564,71900
10/23/2013,67.660004,67.68,66.150002,66.449997,62.532383,112300
10/24/2013,67.040001,67.32,66.879997,67.040001,63.087601,84200
10/25/2013,67.279999,67.379997,67.059998,67.25,63.285221,359000
10/28/2013,67.410004,67.800003,67.239998,67.709999,63.718102,38700
10/29/2013,67.919998,68.800003,67.919998,68.800003,64.743828,277000
10/30/2013,68.830002,68.919998,68.209999,68.419998,64.386238,36100
10/31/2013,68.540001,69.220001,68.529999,68.870003,64.809715,138900
11/1/2013,69.059998,69.129997,68.330002,68.57,64.52739,69900
11/4/2013,68.75,68.75,68.410004,68.519997,64.480339,77500
11/5/2013,68.080002,68.580002,67.769997,68.360001,64.329773,147200
11/6/2013,68.650002,68.800003,68.209999,68.5,64.461517,52100
11/7/2013,68.550003,68.550003,67.190002,67.290001,63.322857,81600
11/8/2013,67.370003,68.040001,67.269997,68.019997,64.009834,60500
11/11/2013,68.220001,68.220001,67.709999,68.019997,64.009834,14000
11/12/2013,67.730003,68.440002,67.730003,68.440002,64.40506,120700
11/13/2013,68.050003,69.050003,68.040001,68.989998,64.922623,58300
11/14/2013,68.839996,68.93,68.57,68.699997,64.649727,36800
11/15/2013,68.849998,69.25,68.480003,69.139999,65.063782,35300
11/18/2013,69.25,69.25,68.400002,68.519997,64.480339,67000
11/19/2013,68.620003,68.669998,67.68,67.730003,63.736938,54100
11/20/2013,67.760002,67.910004,67.290001,67.370003,63.398148,59500
11/21/2013,67.599998,68.639999,67.599998,68.589996,64.546219,41500
11/22/2013,68.489998,68.730003,68.300003,68.68,64.630928,27300
11/25/2013,68.699997,68.720001,68.099998,68.589996,64.546219,24900
11/26/2013,68.639999,69.290001,68.639999,69.169998,65.092041,55400
11/27/2013,68.949997,69.440002,68.75,69.360001,65.270828,407800
11/29/2013,69.379997,69.699997,69.370003,69.470001,65.374329,39200
12/2/2013,69.459999,69.660004,69.220001,69.300003,65.214355,58400
12/3/2013,69.129997,69.769997,69.129997,69.540001,65.440224,227500
12/4/2013,69.400002,69.699997,68.769997,69.220001,65.139084,281500
12/5/2013,69.290001,69.68,69.25,69.360001,65.270828,49900
12/6/2013,70.089996,70.330002,70.050003,70.169998,66.033073,93000
12/9/2013,70.480003,70.620003,70.25,70.330002,66.183647,63600
12/10/2013,70.279999,70.459999,70.029999,70.139999,66.004837,43600
12/11/2013,70.199997,70.309998,69.400002,69.529999,65.430801,107600
12/12/2013,69.5,69.57,68.82,68.959999,64.894409,56200
12/13/2013,69.18,69.190002,68.68,68.82,64.76265,45900
12/16/2013,69.650002,70.099998,69.279999,69.669998,65.562546,93900
12/17/2013,69.730003,70.57,69.730003,70.400002,66.249519,55500
12/18/2013,70.440002,70.959999,69.379997,70.769997,66.597694,127000
12/19/2013,70.800003,70.800003,70.199997,70.480003,66.324806,64000
12/20/2013,70.529999,71.260002,70.529999,71.110001,66.917648,302800
12/23/2013,71.160004,71.489998,71.089996,71.410004,67.417068,145100
12/24/2013,71.510002,71.82,71.5,71.57,67.568123,25700
12/26/2013,71.870003,72,71.720001,71.849998,67.832466,84200
12/27/2013,71.910004,72.099998,71.879997,71.910004,67.88913,493200
12/30/2013,71.940002,72.230003,71.879997,72.029999,68.002403,90300
12/31/2013,72.309998,72.730003,72.309998,72.709999,68.644394,295700
1/2/2014,72.269997,72.269997,71.410004,71.709999,67.70031,288600
1/3/2014,71.699997,71.699997,71.220001,71.5,67.502037,142600
1/6/2014,71.519997,71.519997,71.019997,71.150002,67.1716,245800
1/7/2014,71.290001,71.75,71.199997,71.639999,67.634216,131600
1/8/2014,72.199997,72.779999,72,72.709999,68.644394,114200
1/9/2014,72.870003,72.870003,71.900002,72.169998,68.134567,71100
1/10/2014,72.220001,72.610001,72.150002,72.5,68.446106,52000
1/13/2014,72.379997,72.610001,71.449997,71.68,67.671974,181000
1/14/2014,71.860001,73.360001,71.860001,73.220001,69.12587,127700
1/15/2014,73.620003,74.120003,73.510002,73.870003,69.739525,253000
1/16/2014,73.650002,73.879997,73.349998,73.489998,69.380753,200600
1/17/2014,73.120003,73.559998,72.919998,73.089996,69.003143,181800
1/21/2014,73.370003,73.529999,72.93,73.489998,69.380753,170300
1/22/2014,73.480003,74.389999,73.339996,74.279999,70.126572,149400
1/23/2014,73.879997,73.919998,73.150002,73.540001,69.427979,95200
1/24/2014,73.099998,73.220001,71.779999,71.830002,67.813591,375300
1/27/2014,71.980003,72.120003,70.900002,71.330002,67.341553,274900
1/28/2014,71.330002,71.769997,70.959999,71.620003,67.615334,165800
1/29/2014,71.160004,71.980003,71.160004,71.349998,67.360443,307200
1/30/2014,71.980003,72.459999,71.75,72.25,68.210106,437900
1/31/2014,71.339996,72.190002,71.290001,71.919998,67.898552,174900
2/3/2014,71.860001,71.860001,70.160004,70.309998,66.378593,579300
2/4/2014,70.519997,70.550003,70.019997,70.43,66.491882,316500
2/5/2014,70.129997,70.809998,69.709999,70.519997,66.576836,202100
2/6/2014,70.639999,71.75,70.639999,71.639999,67.634216,151900
2/7/2014,71.919998,72.839996,71.68,72.769997,68.701035,133100
2/10/2014,72.870003,73.230003,72.82,73.139999,69.050323,115600
2/11/2014,73.260002,74.279999,73.260002,74.099998,69.956657,274600
2/12/2014,74.300003,74.830002,74.300003,74.75,70.570313,136000
2/13/2014,74.410004,75.629997,74.269997,75.599998,71.37278,115800
2/14/2014,75.510002,76.18,75.330002,76.089996,71.835396,388900
2/18/2014,76.190002,76.349998,75.720001,76.290001,72.024185,56500
2/19/2014,76.089996,76.559998,76.010002,76.220001,71.958122,46600
2/20/2014,76.25,76.82,76.110001,76.739998,72.449028,95000
2/21/2014,76.889999,77.029999,76.209999,76.410004,72.137482,130100
2/24/2014,76.790001,77.18,76.699997,76.709999,72.420715,55700
2/25/2014,76.529999,76.769997,75.940002,76.300003,72.033646,81100
2/26/2014,76.559998,77.360001,76.489998,76.82,72.524574,54800
2/27/2014,76.800003,76.940002,76.290001,76.809998,72.515114,65600
2/28/2014,76.82,77.040001,76.220001,76.75,72.458481,54600
3/3/2014,76.139999,76.419998,75.610001,76.269997,72.005318,89800
3/4/2014,77.260002,77.75,77.260002,77.620003,73.279831,296600
3/5/2014,77.739998,77.980003,77.489998,77.769997,73.421455,96400
3/6/2014,78,78.379997,77.720001,78.309998,73.931252,142600
3/7/2014,78.82,78.82,77.980003,78.220001,73.846306,224000
3/10/2014,78.25,78.400002,77.730003,78.089996,73.723564,50100
3/11/2014,78.25,78.459999,77.440002,77.660004,73.317604,59500
3/12/2014,77.309998,78.309998,77.160004,78.279999,73.902946,48600
3/13/2014,78.510002,78.629997,76.610001,77.010002,72.703957,259400
3/14/2014,76.919998,77.230003,76.559998,76.57,72.288551,59500
3/17/2014,77.07,77.790001,77.07,77.519997,73.18541,50100
3/18/2014,77.82,78.669998,77.529999,78.639999,74.24279,179400
3/19/2014,78.660004,79.099998,78.110001,78.57,74.176704,261700
3/20/2014,78.379997,80.059998,78.239998,80.019997,75.545631,177900
3/21/2014,80.269997,80.360001,79.139999,79.32,74.884773,132000
3/24/2014,79.709999,79.769997,78.360001,79,74.58268,242600
3/25/2014,79.160004,79.82,78.970001,79.379997,75.140205,103100
3/26/2014,80.230003,80.300003,78.480003,78.480003,74.288284,128100
3/27/2014,78.5,78.75,77.690002,77.900002,73.73925,181200
3/28/2014,78.139999,79.029999,78.089996,78.410004,74.222023,71400
3/31/2014,79.07,79.940002,78.93,79.690002,75.433655,232100
4/1/2014,80.059998,80.959999,80.040001,80.959999,76.635834,207000
4/2/2014,81.110001,81.120003,80.419998,80.839996,76.522224,180900
4/3/2014,80.970001,81.699997,80.629997,80.959999,76.635834,118200
4/4/2014,81.599998,81.599998,78.559998,78.669998,74.468124,325900
4/7/2014,78.470001,79.120003,77.519997,77.959999,73.796059,265700
4/8/2014,78.080002,79.029999,78.07,78.980003,74.761574,60400
4/9/2014,79.339996,79.849998,78.949997,79.809998,75.547256,58000
4/10/2014,79.93,79.93,77.260002,77.339996,73.20916,434800
4/11/2014,76.470001,77.540001,75.93,76.129997,72.063805,390000
4/14/2014,76.75,77.150002,76.019997,76.739998,72.641212,427000
4/15/2014,76.879997,77.470001,75.900002,77.239998,73.114502,159300
4/16/2014,77.449997,77.5,76,77.110001,72.991455,196900
4/17/2014,77.589996,78.879997,77.5,78.559998,74.363998,118200
4/21/2014,79.099998,79.290001,78.279999,79.269997,75.036087,149100
4/22/2014,79.449997,80.190002,79.279999,79.980003,75.708168,207000
4/23/2014,80.07,80.260002,79.709999,79.910004,75.641899,200700
4/24/2014,80.529999,80.580002,79.339996,80.360001,76.067871,82600
4/25/2014,79.550003,79.550003,77.580002,77.730003,73.578346,87300
4/28/2014,78.169998,78.339996,76.18,77.290001,73.161827,294300
4/29/2014,77.660004,78,77.300003,77.82,73.663528,71700
4/30/2014,77.599998,78.230003,77.5,78.209999,74.032722,51900
5/1/2014,78.120003,78.949997,77.800003,77.959999,73.796059,28500
5/2/2014,77.970001,78.559998,77.839996,78.230003,74.051643,22100
5/5/2014,77.760002,78.510002,77.540001,78.300003,74.117905,86300
5/6/2014,78.309998,78.699997,77.919998,78,73.833908,74200
5/7/2014,78.349998,78.349998,77.400002,78.029999,73.86232,35200
5/8/2014,78.029999,79.650002,77.75,78.57,74.373474,46400
5/9/2014,78.620003,78.620003,77.790001,78.32,74.136841,66600
5/12/2014,78.760002,79.839996,78.739998,79.75,75.490463,56500
5/13/2014,80.059998,80.059998,79.110001,79.120003,74.894089,107400
5/14/2014,79.129997,79.139999,78.43,78.459999,74.269348,34400
5/15/2014,78.370003,78.489998,76.980003,77.540001,73.398483,236300
5/16/2014,77.860001,78.449997,77.669998,78.400002,74.212563,68100
5/19/2014,78.339996,79.379997,78.339996,79.190002,74.960365,128200
5/20/2014,79.160004,79.449997,78.389999,78.809998,74.600662,79400
5/21/2014,79.110001,79.400002,78.82,79.190002,74.960365,45700
5/22/2014,79.370003,79.870003,79.330002,79.550003,75.301125,88100
5/23/2014,79.629997,80.349998,79.449997,80.309998,76.020538,77900
5/27/2014,80.849998,81.300003,80.650002,81.300003,76.957672,193300
5/28/2014,81.43,81.610001,81,81.419998,77.071243,85000
5/29/2014,81.669998,81.839996,81.419998,81.57,77.213257,50300
5/30/2014,81.709999,81.790001,81.360001,81.669998,77.307899,73200
6/2/2014,82.199997,82.349998,81.5,82.120003,77.733864,126500
6/3/2014,82.160004,82.949997,81.940002,82.889999,78.462738,112300
6/4/2014,82.769997,83.379997,82.629997,83.260002,78.812981,212200
6/5/2014,83.389999,83.860001,82.989998,83.669998,79.201065,86900
6/6/2014,83.980003,84.239998,83.879997,84.160004,79.664917,110900
6/9/2014,84.43,84.730003,84.139999,84.239998,79.740616,78400
6/10/2014,84.309998,84.540001,83.949997,84.489998,79.977272,66400
6/11/2014,84.459999,85.25,84.440002,84.93,80.393768,114700
6/12/2014,84.870003,85.220001,84.339996,84.639999,80.119255,289100
6/13/2014,85.410004,85.709999,85.019997,85.470001,80.90493,130500
6/16/2014,85.379997,86.139999,85.360001,85.980003,81.387703,253700
6/17/2014,85.830002,86.730003,85.830002,86.610001,81.984039,110200
6/18/2014,86.730003,86.730003,85.620003,86.25,81.64328,232700
6/19/2014,86.470001,86.470001,85.82,86.370003,81.756866,301700
6/20/2014,86.559998,86.629997,86.230003,86.629997,82.002991,228600
6/23/2014,86.739998,86.739998,86.209999,86.309998,81.700073,476200
6/24/2014,86.290001,86.650002,85.199997,85.370003,81.037506,376000
6/25/2014,85.209999,85.82,84.849998,85.730003,81.379219,145100
6/26/2014,85.790001,85.790001,84.720001,85.349998,81.018524,82600
6/27/2014,85.150002,85.510002,85.040001,85.459999,81.122925,158900
6/30/2014,85.669998,86.470001,85.540001,86.400002,82.015228,99000
7/1/2014,86.730003,87.919998,86.669998,87.580002,83.135345,102300
7/2/2014,87.860001,87.940002,87.540001,87.809998,83.353668,148600
7/3/2014,88.099998,88.510002,88.099998,88.360001,83.875748,105600
7/7/2014,88.419998,88.419998,87.639999,87.769997,83.315697,156000
7/8/2014,87.660004,87.760002,86.470001,87.300003,82.869553,175300
7/9/2014,87.239998,87.879997,86.889999,87.830002,83.37265,127600
7/10/2014,86.559998,87.75,86.269997,87.43,82.99295,157000
7/11/2014,87.440002,87.610001,87.07,87.419998,82.983444,115900
7/14/2014,87.910004,88.160004,87.589996,87.849998,83.391632,312500
7/15/2014,87.889999,88.150002,86.779999,87.589996,83.144821,144900
7/16/2014,88.269997,88.660004,88.099998,88.610001,84.113068,102700
7/17/2014,87.690002,87.720001,86.190002,86.32,81.939278,370300
7/18/2014,86.660004,87.529999,86.550003,87.449997,83.011925,201800
7/21/2014,87.260002,87.889999,87.129997,87.709999,83.258759,118500
7/22/2014,88.059998,88.43,87.879997,88.279999,83.799805,114100
7/23/2014,87.849998,87.849998,86.209999,86.260002,81.882339,265800
7/24/2014,86.220001,86.230003,85.419998,85.459999,81.122925,307200
7/25/2014,84.830002,84.940002,83.580002,83.769997,79.518692,736700
7/28/2014,83.800003,83.839996,82.68,83.690002,79.442764,600600
7/29/2014,83.959999,84.349998,83.529999,83.540001,79.300369,192600
7/30/2014,84.260002,84.610001,83.849998,84.349998,80.069252,572800
7/31/2014,83.400002,83.660004,82.279999,82.639999,78.44606,818600
8/1/2014,82.510002,83.360001,82.199997,82.910004,78.702332,195800
8/4/2014,83.129997,83.510002,82.470001,83.269997,79.044083,240200
8/5/2014,83,83.309998,82.099998,82.389999,78.208725,414700
8/6/2014,82.080002,83.25,81.949997,82.660004,78.465034,286600
8/7/2014,83.169998,83.220001,81.360001,81.550003,77.411354,293000
8/8/2014,81.860001,82.599998,81.739998,82.559998,78.370087,217500
8/11/2014,82.940002,83.769997,82.910004,83.309998,79.082047,478400
8/12/2014,83.25,83.419998,82.540001,83.25,79.025078,65600
8/13/2014,83.379997,84.040001,83.379997,84.040001,79.774994,135800
8/14/2014,84.040001,84.330002,83.889999,84.199997,79.926888,156400
8/15/2014,84.860001,85.379997,84.110001,85.089996,80.771698,207500
8/18/2014,85.389999,85.440002,84.800003,85.419998,81.084953,162800
8/19/2014,85.639999,86.160004,85.550003,86.029999,81.664009,237400
8/20/2014,85.910004,86.849998,85.910004,86.75,82.347458,87600
8/21/2014,86.709999,87.129997,86.550003,87.080002,82.660721,136500
8/22/2014,87.029999,87.5,86.779999,87.139999,82.717667,155800
8/25/2014,87.68,87.68,86.669998,86.830002,82.423409,82600
8/26/2014,86.919998,87.160004,86.75,86.839996,82.432884,51000
8/27/2014,86.879997,87.07,86.480003,87,82.584778,118900
8/28/2014,86.550003,87.330002,86.43,87.279999,82.850563,69200
8/29/2014,87.769997,88.199997,87.589996,87.940002,83.477066,80300
9/2/2014,88.07,88.25,87.150002,87.540001,83.097374,71400
9/3/2014,87.879997,88.139999,87.589996,87.779999,83.325188,79400
9/4/2014,88.010002,88.660004,87.800003,88.029999,83.562492,90200
9/5/2014,88.089996,88.769997,87.940002,88.760002,84.255447,148400
9/8/2014,88.660004,89.470001,88.639999,88.980003,84.464287,158100
9/9/2014,89,89.07,88.040001,88.160004,83.685898,63500
9/10/2014,88.07,88.279999,87.589996,88.129997,83.657425,54100
9/11/2014,87.849998,88.360001,87.489998,88.360001,83.875748,83600
9/12/2014,88.25,88.25,87.080002,87.260002,82.831566,208200
9/15/2014,87.440002,87.470001,86.150002,86.190002,81.81588,217500
9/16/2014,86.050003,87.809998,86.010002,87.690002,83.239754,554800
9/17/2014,87.849998,88.809998,87.769997,88.32,83.837799,148000
9/18/2014,88.690002,89.669998,88.610001,89.669998,85.119293,118500
9/19/2014,90.089996,90.110001,88.389999,88.550003,84.056107,113000
9/22/2014,88.230003,88.440002,87.309998,87.480003,83.040413,105200
9/23/2014,87.07,87.870003,86.860001,87.199997,82.774628,210900
9/24/2014,87.120003,88.080002,87.120003,88.050003,83.812164,109700
9/25/2014,87.870003,87.93,86.169998,86.440002,82.279671,169300
9/26/2014,87.110001,87.669998,86.82,87.459999,83.250557,276100
9/29/2014,86.580002,87.849998,86.410004,87.57,83.355255,108600
9/30/2014,87.699997,87.699997,86.529999,86.849998,82.669914,123600
10/1/2014,86.68,86.68,84.510002,84.730003,80.651947,558900
10/2/2014,84.709999,84.709999,82.699997,84.209999,80.156967,194800
10/3/2014,84.919998,85.309998,84.290001,84.739998,80.661484,163200
10/6/2014,84.889999,85.040001,83.449997,84,79.957069,143300
10/7/2014,83.720001,83.900002,82.400002,82.400002,78.43409,420200
10/8/2014,82.580002,84.440002,81.720001,84.260002,80.204582,146400
10/9/2014,84.089996,84.099998,81.93,81.980003,78.034317,435700
10/10/2014,79.699997,79.720001,75.639999,76.330002,72.656242,1317100
10/13/2014,76.370003,77.32,74.660004,74.709999,71.11422,1475000
10/14/2014,76.050003,77.5,75.43,76.059998,72.399231,1010400
10/15/2014,74.599998,77,74.160004,76.419998,72.741905,661600
10/16/2014,75.370003,78.129997,75.349998,77.599998,73.865112,330100
10/17/2014,78.989998,79.5,78.050003,78.169998,74.4077,521000
10/20/2014,78.199997,79.489998,77.650002,79.410004,75.588005,197300
10/21/2014,80.349998,82.379997,80.290001,82.339996,78.376991,362200
10/22/2014,82.970001,83.080002,81.120003,81.160004,77.253777,669500
10/23/2014,82.230003,82.769997,81.980003,82.330002,78.367462,236500
10/24/2014,82.349998,83.360001,82.290001,83.150002,79.148003,208300
10/27/2014,83.089996,83.669998,82.459999,83.540001,79.519234,450800
10/28/2014,83.980003,84.760002,83.699997,84.730003,80.651947,430300
10/29/2014,84.589996,85.120003,83.93,84.900002,80.813766,621400
10/30/2014,84.5,84.589996,82.82,83.870003,79.833344,381700
10/31/2014,86.199997,87.57,86.199997,87.150002,82.955475,747100
11/3/2014,87.279999,88.220001,87.150002,87.75,83.526604,556500
11/4/2014,87.419998,87.949997,86.779999,87.43,83.221985,179900
11/5/2014,88.089996,88.419998,87.330002,88.309998,84.059647,254300
11/6/2014,87.790001,88.099998,87,87.550003,83.336243,326000
11/7/2014,87.449997,87.730003,86.059998,86.760002,82.584259,148400
11/10/2014,87,87.540001,86.629997,87.400002,83.193443,108700
11/11/2014,87.540001,87.540001,86.860001,87.230003,83.031624,177900
11/12/2014,86.889999,87.169998,86.629997,87.099998,82.90789,84900
11/13/2014,87.379997,87.980003,86.800003,87.110001,82.917412,62200
11/14/2014,86.959999,87.93,86.489998,87.870003,83.640839,92500
11/17/2014,87.459999,87.720001,86.760002,87.470001,83.260078,288300
11/18/2014,87.620003,89.419998,87.620003,89.18,84.887794,152300
11/19/2014,89.330002,89.330002,88.160004,88.57,84.307129,241900
11/20/2014,88.169998,89.480003,87.790001,89.379997,85.07814,217100
11/21/2014,90.330002,90.629997,89.650002,90.360001,86.010986,363900
11/24/2014,90.540001,91.279999,90.400002,91.230003,86.839119,177700
11/25/2014,91.5,91.529999,91.050003,91.25,86.858154,203500
11/26/2014,91.290001,93.199997,91.290001,93.18,88.695259,184100
11/28/2014,93.370003,93.699997,92.870003,93.440002,88.942734,111300
12/1/2014,93.029999,93.519997,91.919998,92.260002,87.819534,310100
12/2/2014,92.050003,92.870003,91.669998,92.839996,88.371613,179600
12/3/2014,93.290001,94.879997,93.25,94.790001,90.227783,353200
12/4/2014,95.07,95.480003,94.339996,94.870003,90.303917,247000
12/5/2014,95.169998,95.839996,94.989998,95.82,91.208206,120700
12/8/2014,95.650002,96.029999,93.889999,94.470001,89.923164,402800
12/9/2014,93.129997,94.660004,92.870003,94.459999,89.913658,215300
12/10/2014,93.970001,94.470001,92.489998,92.660004,88.200287,222500
12/11/2014,93.07,94.220001,92.889999,93.099998,88.61911,614300
12/12/2014,92.279999,92.889999,91.470001,91.559998,87.153236,396200
12/15/2014,92,92.910004,90.410004,90.709999,86.344154,365600
12/16/2014,90.32,92.010002,89.959999,90.089996,85.753975,285300
12/17/2014,90.25,92.260002,89.629997,92.029999,87.600609,270700
12/18/2014,93.550003,93.779999,92.910004,93.779999,89.26638,209200
12/19/2014,94.300003,94.300003,93.110001,93.790001,89.275909,192500
12/22/2014,94.010002,95.050003,93.889999,94.940002,90.370552,125900
12/23/2014,95.349998,95.720001,94.699997,94.730003,90.170654,327500
12/24/2014,94.300003,94.510002,94.080002,94.110001,90.305962,67800
12/26/2014,94.349998,94.629997,94.120003,94.230003,90.421104,67000
12/29/2014,94.18,94.199997,93.639999,93.959999,90.16201,68200
12/30/2014,93.32,93.809998,93.32,93.370003,89.595871,120900
12/31/2014,93.510002,94.18,92.830002,92.889999,89.135269,96700
1/2/2015,93.300003,93.830002,91.940002,92.809998,89.058502,221000
1/5/2015,92.419998,92.589996,91.029999,91.059998,87.379234,206500
1/6/2015,91.120003,91.209999,88.769997,89.029999,85.431297,374600
1/7/2015,89.540001,90.309998,89.010002,89.910004,86.275726,240400
1/8/2015,90.82,92.730003,90.82,92.580002,88.837822,211000
1/9/2015,92.949997,93,91.519997,92.629997,88.885757,140300
1/12/2015,92.230003,92.230003,90.410004,90.849998,87.177719,190800
1/13/2015,91.510002,92.629997,89.5,89.959999,86.323708,173600
1/14/2015,89.089996,90.339996,88.529999,89.449997,85.834297,413900
1/15/2015,90.150002,90.639999,88.669998,88.739998,85.153015,221000
1/16/2015,88.43,89.830002,88.050003,89.709999,86.083817,292300
1/20/2015,90.169998,90.970001,89.480003,90.639999,86.976227,131800
1/21/2015,90.470001,92.07,90.080002,91.669998,87.964584,144500
1/22/2015,91.589996,92.300003,89.889999,92.220001,88.492348,455100
1/23/2015,91.809998,92.400002,91.529999,91.980003,88.262062,188200
1/26/2015,91.779999,92.360001,91.099998,92.150002,88.425179,117900
1/27/2015,90.970001,91.360001,89.949997,90.510002,86.851471,353600
1/28/2015,91.760002,92.489998,90.019997,90.080002,86.438858,314200
1/29/2015,89.779999,90.419998,88.459999,90.139999,86.496429,219400
1/30/2015,89.120003,90.309998,88.239998,88.370003,84.797981,485400
2/2/2015,88.529999,88.879997,86.75,88.599998,85.018677,309100
2/3/2015,88.980003,90.209999,88.849998,90.169998,86.525208,210400
2/4/2015,89.93,91.150002,89.900002,90.510002,86.851471,336000
2/5/2015,90.879997,91.43,90.389999,91.389999,87.695908,233000
2/6/2015,91.519997,92.279999,90.660004,90.889999,87.21611,335400
2/9/2015,90.760002,90.760002,89.699997,89.93,86.294914,507800
2/10/2015,91.040001,93,90.790001,92.970001,89.212029,419700
2/11/2015,92.980003,93.599998,92.669998,93.269997,89.499908,321900
2/12/2015,93.550003,94.790001,93.550003,94.760002,90.929688,311800
2/13/2015,95.190002,95.709999,94.610001,95.43,91.572594,245700
2/17/2015,95.389999,95.839996,95.099998,95.730003,91.860481,797800
2/18/2015,95.620003,95.760002,95.099998,95.480003,91.62056,152900
2/19/2015,95.339996,96.019997,95.199997,95.739998,91.870056,217200
2/20/2015,95.480003,96.379997,95.25,96.309998,92.417015,634300
2/23/2015,96.199997,96.199997,95.370003,95.709999,91.841286,224400
2/24/2015,95.709999,97.029999,95.059998,96.989998,93.069527,280800
2/25/2015,96.779999,97.010002,96.199997,96.489998,92.589752,129300
2/26/2015,96.949997,97.360001,96.639999,97.150002,93.223076,98500
2/27/2015,97.129997,97.339996,96.559998,96.860001,92.944809,116700
3/2/2015,97.68,99.57,97.669998,99.519997,95.497269,288600
3/3/2015,99.169998,99.169998,97.550003,97.68,93.731651,397400
3/4/2015,97.410004,97.580002,96.449997,97.550003,93.606895,189900
3/5/2015,97.889999,98.169998,97.199997,97.610001,93.664474,244500
3/6/2015,97.290001,97.449997,96.330002,96.599998,92.695305,214200
3/9/2015,96.519997,97.129997,96.419998,96.900002,92.983185,173300
3/10/2015,96.269997,96.5,95.089996,95.110001,91.265533,383500
3/11/2015,95.589996,96.300003,95.290001,95.32,91.467041,118700
3/12/2015,94.32,95.32,94.25,95.290001,91.438255,391100
3/13/2015,95.519997,96.099998,94.900002,95.93,92.052391,179700
3/16/2015,96.449997,97.410004,96.32,97.389999,93.453369,219200
3/17/2015,96.68,96.849998,96.139999,96.68,92.772057,146600
3/18/2015,96.650002,97.870003,95.419998,97.400002,93.462975,155500
3/19/2015,97.300003,97.860001,97.160004,97.620003,93.67408,94400
3/20/2015,98.330002,99.309998,98.199997,99,94.998299,154100
3/23/2015,99.029999,99.139999,98.139999,98.18,94.211449,133700
3/24/2015,98.25,98.25,97.279999,97.339996,93.405396,193400
3/25/2015,97.010002,97.120003,92.459999,92.57,89.065193,386400
3/26/2015,90.419998,91.889999,89.279999,91.300003,87.843269,473500
3/27/2015,91.339996,94.239998,91.129997,93.889999,90.335197,382400
3/30/2015,94.5,95.339996,93.949997,95.089996,91.489761,425100
3/31/2015,94.68,94.870003,93.870003,94.019997,90.460274,136300
4/1/2015,93.760002,93.82,92.68,93.410004,89.87339,208500
4/2/2015,93.790001,94.050003,93.120003,93.199997,89.671326,214600
4/6/2015,92.32,93.82,91.82,93.610001,90.065811,353600
4/7/2015,93.629997,94.449997,93.470001,93.650002,90.104301,347900
4/8/2015,93.459999,94.510002,93.410004,94.199997,90.633453,292100
4/9/2015,93.739998,95.550003,93.739998,95.43,91.81691,199200
4/10/2015,95.5,95.82,95.360001,95.82,92.192131,88300
4/13/2015,95.949997,96.300003,95.120003,95.25,91.6437,145500
4/14/2015,95.260002,95.260002,93.989998,94.279999,90.710434,221400
4/15/2015,95,96.129997,94.879997,95.849998,92.220993,148100
4/16/2015,94.93,95.580002,94.93,95.440002,91.826523,174400
4/17/2015,94.669998,94.669998,93.629997,94.080002,90.518005,165900
4/20/2015,94.559998,95.260002,94.540001,94.879997,91.28772,132700
4/21/2015,95.940002,96.199997,95.199997,95.529999,91.913101,151500
4/22/2015,96.120003,96.900002,95.370003,96.879997,93.211998,150300
4/23/2015,95.160004,95.709999,94.639999,95.379997,91.768791,196300
4/24/2015,95.199997,95.260002,93.220001,93.809998,90.25824,210200
4/27/2015,93.940002,95.029999,93.82,94.050003,90.489143,198400
4/28/2015,94.099998,94.339996,92.830002,94.139999,90.575729,400900
4/29/2015,93.43,93.900002,92.650002,93.620003,90.075432,261500
4/30/2015,93.449997,93.800003,92.230003,92.809998,89.296089,774300
5/1/2015,93.669998,95.610001,93.639999,95.389999,91.778397,507900
5/4/2015,95.610001,95.809998,94.949997,95.199997,91.595612,220800
5/5/2015,94.519997,94.760002,93.040001,93.129997,89.603966,249400
5/6/2015,93.480003,93.910004,92.339996,93.019997,89.498146,465800
5/7/2015,93.379997,94.18,93.379997,94.040001,90.47953,309500
5/8/2015,94.809998,95.379997,94.720001,94.980003,91.383934,219000
5/11/2015,94.980003,95.389999,94.650002,95.040001,91.441666,165000
5/12/2015,94.629997,94.75,93.75,94.18,90.61422,332000
5/13/2015,94.68,95.440002,94.5,94.760002,91.172272,131300
5/14/2015,95.419998,96.239998,95.07,95.889999,92.259491,291800
5/15/2015,96.07,96.410004,95.639999,96.050003,92.413445,126400
5/18/2015,96.18,97.040001,95.910004,96.989998,93.317833,208500
5/19/2015,97.230003,97.699997,96.300003,96.639999,92.981079,152400
5/20/2015,96.760002,97.540001,96.419998,96.849998,93.183151,286200
5/21/2015,96.769997,97.489998,96.349998,97.339996,93.654579,153400
5/22/2015,97.220001,97.879997,97.220001,97.540001,93.847023,137000
5/26/2015,97.389999,97.480003,96.349998,96.790001,93.125412,261800
5/27/2015,97.089996,100.919998,97.040001,100.589996,96.781525,438700
5/28/2015,100.690002,101.169998,100.019997,100.690002,96.877769,408600
5/29/2015,101.010002,101.480003,100.599998,101.07,97.243362,604600
6/1/2015,101.410004,101.800003,100.589996,101.129997,97.301086,438600
6/2/2015,100.82,100.82,99.849998,100,96.213882,308000
6/3/2015,100.5,100.589996,99.25,99.32,95.559624,1201600
6/4/2015,98.900002,99.239998,98.120003,98.419998,94.693695,595800
6/5/2015,98.300003,98.720001,97.540001,98.43,94.703323,436000
6/8/2015,98.519997,98.519997,96.32,96.580002,92.923355,450400
6/9/2015,96.639999,96.769997,95.540001,96.519997,92.865623,548500
6/10/2015,96.970001,98.059998,96.919998,97.720001,94.02021,436300
6/11/2015,98.129997,98.18,97.599998,97.690002,93.991333,538100
6/12/2015,97.279999,97.279999,96.68,96.809998,93.144646,219000
6/15/2015,95.809998,96.690002,95.349998,96.610001,92.952232,276100
6/16/2015,96.43,97.120003,96.199997,96.879997,93.211998,226400
6/17/2015,96.989998,97.339996,96.599998,96.959999,93.288963,242400
6/18/2015,97.220001,98.790001,97.220001,98.330002,94.607094,265600
6/19/2015,98.57,98.849998,97.519997,97.839996,94.135643,357500
6/22/2015,98.650002,98.919998,98.18,98.669998,94.934242,299900
6/23/2015,98.860001,99,97.849998,98.18,94.462784,325500
6/24/2015,97.779999,98.019997,96.870003,96.889999,93.464378,247400
6/25/2015,97.150002,97.470001,96.580002,96.82,93.396858,324400
6/26/2015,95.949997,95.949997,94.029999,94.410004,91.072052,608900
6/29/2015,93.169998,93.830002,91.690002,91.760002,88.515755,524100
6/30/2015,92.599998,92.800003,91.68,92.089996,88.834084,1456800
7/1/2015,93.400002,93.540001,92.120003,92.309998,89.046303,480800
7/2/2015,92.489998,93.029999,92.349998,92.739998,89.461098,334100
7/6/2015,91.900002,92.739998,90.989998,91.389999,88.158821,1019800
7/7/2015,91.43,91.440002,88.339996,91.099998,87.879089,964400
7/8/2015,89.879997,90.129997,88.419998,88.639999,85.50605,664500
7/9/2015,90.25,90.459999,87.480003,87.510002,84.416008,1259900
7/10/2015,88.550003,89.440002,88.459999,89.129997,85.978737,497400
7/13/2015,89.910004,90.059998,89.239998,89.879997,86.702225,367900
7/14/2015,90.32,91.040001,90.209999,90.82,87.608994,336600
7/15/2015,91.019997,91.019997,89.870003,90.279999,87.088081,358300
7/16/2015,90.949997,90.949997,89.620003,90.449997,87.252045,552500
7/17/2015,90.400002,90.400002,89.550003,90.260002,87.068779,514000
7/20/2015,90.589996,90.739998,89.589996,89.639999,86.470695,365600
7/21/2015,89.68,90.449997,89.529999,89.660004,86.490013,226200
7/22/2015,87.309998,87.669998,86.459999,87.43,84.338829,1164500
7/23/2015,87.919998,89.779999,87.919998,88.730003,85.592888,379900
7/24/2015,88.989998,89.169998,86.860001,86.949997,83.875801,707600
7/27/2015,86.419998,86.910004,85.400002,86.309998,83.25843,523000
7/28/2015,86.75,88.639999,86.07,88.110001,84.994797,717000
7/29/2015,88.040001,88.389999,87.260002,88.220001,85.100906,467500
7/30/2015,87.760002,88.860001,87.519997,88.57,85.43853,1134900
7/31/2015,88.699997,88.699997,87.379997,87.540001,84.444946,563600
8/3/2015,87.449997,87.620003,86.779999,87.260002,84.174858,367300
8/4/2015,86.980003,87.150002,85.739998,86.290001,83.239136,926700
8/5/2015,86.790001,87.989998,86.75,87.379997,84.290604,477100
8/6/2015,87.540001,87.540001,85.160004,85.82,82.785759,983500
8/7/2015,85.470001,86.400002,85.389999,86.309998,83.25843,315600
8/10/2015,87.07,88.599998,86.959999,88.449997,85.322777,479700
8/11/2015,87.57,87.580002,86.110001,86.459999,83.403145,722000
8/12/2015,85.410004,87.379997,84.730003,86.959999,83.885468,855200
8/13/2015,86.949997,87.300003,86.07,86.260002,83.210197,301100
8/14/2015,85.940002,85.940002,85.029999,85.550003,82.525314,410500
8/17/2015,85.190002,86.440002,84.760002,86.279999,83.229507,264800
8/18/2015,86.150002,86.160004,84.519997,84.650002,81.657135,406300
8/19/2015,84.830002,84.849998,83.339996,83.889999,80.923996,487000
8/20/2015,82.980003,83.019997,80.709999,80.739998,77.885368,892500
8/21/2015,79.699997,80.93,78.529999,78.529999,75.753502,1379900
8/24/2015,73.980003,80.18,72.860001,76.769997,74.055733,1790900
8/25/2015,79.790001,79.959999,76.010002,76.010002,73.322601,916500
8/26/2015,78.379997,79.900002,76.879997,79.800003,76.9786,1131600
8/27/2015,81.190002,82.879997,81.099998,82.769997,79.843597,1304100
8/28/2015,82.470001,83.419998,82.470001,83.25,80.306633,685400
8/31/2015,82.610001,83.860001,82.199997,83.019997,80.084755,548000
9/1/2015,80.529999,82.160004,79.699997,80.089996,77.258354,680000
9/2/2015,81.440002,82,80.550003,82,79.100838,482400
9/3/2015,82.620003,83.730003,82.370003,82.639999,79.718185,317500
9/4/2015,81.5,82.199997,80.889999,81.209999,78.338753,332700
9/8/2015,83,84.839996,82.989998,84.809998,81.811478,750800
9/9/2015,85.559998,86.150002,83.080002,83.25,80.306633,866600
9/10/2015,83.209999,84.379997,82.43,83.620003,80.663551,569200
9/11/2015,82.889999,83.720001,82.519997,83.669998,80.711769,633700
9/14/2015,84.080002,84.300003,83.620003,83.860001,80.895058,531000
9/15/2015,84.25,85.160004,84.209999,84.93,81.927223,413200
9/16/2015,84.730003,85.209999,84.230003,85.110001,82.100861,475700
9/17/2015,84.959999,85.800003,84.25,84.43,81.444908,652100
9/18/2015,83.169998,84.029999,82.639999,82.959999,80.026878,613500
9/21/2015,83.489998,83.760002,82.309998,82.709999,79.785728,685200
9/22/2015,81.300003,81.529999,80.559998,80.889999,78.030067,946900
9/23/2015,80.949997,81.349998,80.190002,80.290001,77.451271,479300
9/24/2015,79.529999,80.629997,78.010002,80.129997,77.296928,1384500
9/25/2015,80.769997,81.300003,79.349998,80.120003,77.721832,588300
9/28/2015,79.610001,80.050003,77.889999,77.900002,75.568275,1901400
9/29/2015,78.110001,79.160004,77.580002,78.419998,76.072708,426600
9/30/2015,79.800003,81.540001,79.68,81.459999,79.021713,462200
10/1/2015,81.419998,81.419998,79.089996,80.489998,78.080757,701700
10/2/2015,79.419998,82.220001,79.379997,82.169998,79.710457,681900
10/5/2015,82.970001,84.169998,82.709999,83.769997,81.262566,836100
10/6/2015,83.589996,84.260002,82.540001,84.040001,81.524498,1035300
10/7/2015,84.75,85.68,83.730003,85.150002,82.601265,664700
10/8/2015,85.099998,85.860001,84.360001,85.709999,83.144516,613500
10/9/2015,85.870003,85.980003,84.669998,85.18,82.630379,463600
10/12/2015,85.099998,85.360001,84.730003,85.18,82.630379,660800
10/13/2015,84.580002,85.050003,84.050003,84.129997,81.611801,479400
10/14/2015,84.550003,87.949997,84.32,87.190002,84.580215,1138600
10/15/2015,87.830002,88.68,87.260002,88.010002,85.375664,747800
10/16/2015,88.059998,88.32,87.489998,88.209999,85.569672,475500
10/19/2015,87.93,88.779999,87.519997,88.18,85.540581,463000
10/20/2015,88.150002,88.389999,87.599998,88.099998,85.462975,332300
10/21/2015,88.970001,89.900002,88.199997,88.230003,85.589081,526600
10/22/2015,89.669998,91.440002,89.5,91.290001,88.557495,799700
10/23/2015,92.099998,92.650002,91.169998,92.400002,89.634262,1066500
10/26/2015,91.980003,91.980003,90.290001,90.739998,88.023949,1034400
10/27/2015,89.93,90.580002,89.699997,89.949997,87.257591,1056300
10/28/2015,90.589996,91.519997,90.209999,91.279999,88.547783,1102600
10/29/2015,89.529999,89.769997,88.57,88.830002,86.171135,650200
10/30/2015,89.169998,89.860001,89.010002,89.540001,86.859871,501800
11/2/2015,89.779999,90.449997,89.690002,90.330002,87.626221,374100
11/3/2015,90.040001,91.169998,90.040001,90.800003,88.082161,342100
11/4/2015,90.879997,91.269997,90.419998,91.059998,88.334373,490700
11/5/2015,90.650002,90.779999,89.019997,89.150002,86.481544,700600
11/6/2015,89.889999,91.550003,89.75,91.510002,88.770905,637900
11/9/2015,91.279999,91.279999,90.150002,90.620003,87.907539,607300
11/10/2015,89.650002,89.650002,88.699997,88.970001,86.306938,839300
11/11/2015,89.18,89.980003,88.959999,89.040001,86.374832,535800
11/12/2015,88.57,89.110001,87.889999,87.889999,85.259247,806400
11/13/2015,87.860001,88.190002,86.760002,87.099998,84.492897,496100
11/16/2015,87.050003,88.230003,87.029999,88.169998,85.530876,608000
11/17/2015,88.290001,89.449997,88.169998,88.760002,86.10321,683900
11/18/2015,88.889999,89.730003,88.279999,89.639999,86.956871,754900
11/19/2015,89.849998,90.669998,89.370003,89.849998,87.160568,389400
11/20/2015,90.230003,90.629997,89.910004,90.139999,87.44191,199400
11/23/2015,89.980003,90,88.940002,89.059998,86.394226,389800
11/24/2015,88.870003,90.290001,88.489998,90.110001,87.412819,558900
11/25/2015,90.18,90.620003,89.839996,90.239998,87.538918,154100
11/27/2015,90.290001,90.970001,90.290001,90.629997,87.917236,196200
11/30/2015,90.760002,91.870003,90.730003,91.610001,88.867905,378300
12/1/2015,92.199997,93.040001,91.989998,93.029999,90.245399,577200
12/2/2015,93.370003,93.610001,92.410004,92.589996,89.818573,332300
12/3/2015,93.82,93.919998,91.559998,92.029999,89.275337,615900
12/4/2015,91.93,93.870003,91.779999,93.620003,90.817741,418300
12/7/2015,93.540001,93.540001,92.660004,92.860001,90.08049,500700
12/8/2015,91.620003,92.349998,91.199997,92.07,89.314148,536400
12/9/2015,92.07,92.169998,90.43,90.870003,88.150063,454900
12/10/2015,90.790001,92.059998,90.730003,91.309998,88.576881,366100
12/11/2015,90.379997,90.699997,89.459999,89.599998,86.918068,740700
12/14/2015,89.559998,89.900002,88.120003,89.019997,86.355438,862700
12/15/2015,89.709999,90.709999,89.410004,90.360001,87.655319,508000
12/16/2015,90.910004,91.220001,89.610001,91.040001,88.314964,418400
12/17/2015,91.57,91.800003,89.709999,89.790001,87.102386,354900
12/18/2015,89.239998,89.519997,88.550003,88.75,86.093529,645900
12/21/2015,89.290001,90.349998,89.230003,90.269997,87.568001,317700
12/22/2015,90.559998,90.709999,89.699997,90.410004,87.703827,265500
12/23/2015,90.519997,91.120003,90.379997,91.040001,88.314964,430400
12/24/2015,90.760002,91.550003,90.699997,91.209999,88.667847,168900
12/28/2015,90.779999,90.849998,89.949997,90.849998,88.317886,114300
12/29/2015,91.410004,92.330002,91.139999,91.910004,89.348335,198800
12/30/2015,91.879997,92.07,91.010002,91.080002,88.541481,388600
12/31/2015,90.720001,90.760002,89.790001,89.839996,87.336037,258900
1/4/2016,88.029999,88.800003,87.5,88.800003,86.325027,341000
1/5/2016,88.970001,89.150002,87.769997,87.959999,85.50843,443000
1/6/2016,86.07,86.449997,84.720001,84.919998,82.553154,513700
1/7/2016,83.279999,84.480003,82.360001,82.540001,80.239502,675600
1/8/2016,83.110001,83.419998,81.139999,81.349998,79.082672,488400
1/11/2016,81.870003,82.370003,80.529999,81.629997,79.354866,333600
1/12/2016,82.529999,83.089996,81.169998,82.309998,80.015892,357900
1/13/2016,82.330002,82.959999,79.669998,79.690002,77.468918,585400
1/14/2016,80.089996,81.760002,79,81.330002,79.063225,431400
1/15/2016,78.120003,78.690002,76.620003,77.660004,75.495514,554600
1/19/2016,78.82,79.480003,77.110001,77.790001,75.621895,328700
1/20/2016,76.809998,79.080002,76.139999,78.300003,76.117683,572900
1/21/2016,79.080002,80.43,78.370003,79.459999,77.245346,387400
1/22/2016,80.970001,81.480003,80.419998,80.910004,78.654938,547600
1/25/2016,80.730003,80.900002,79.639999,79.790001,77.566162,420500
1/26/2016,80.010002,81.160004,79.760002,80.529999,78.285515,561100
1/27/2016,80.269997,81.129997,79.290001,79.610001,77.391151,550000
1/28/2016,79.940002,80.379997,78.779999,79.43,77.216187,175000
1/29/2016,80.089996,83.040001,80.089996,83.029999,80.715836,591500
2/1/2016,82.379997,83.830002,82.169998,83.400002,81.075531,641200
2/2/2016,82.5,82.5,80.419998,80.650002,78.402176,403400
2/3/2016,81.709999,81.709999,79.209999,80.839996,78.586876,502600
2/4/2016,80.839996,82.75,80.769997,82.239998,79.947853,371800
2/5/2016,81.879997,81.879997,79.089996,79.419998,77.206451,793800
2/8/2016,78.080002,78.110001,76.190002,77.419998,75.262184,1083100
2/9/2016,76.480003,78.339996,76.309998,76.980003,74.834465,286400
2/10/2016,77.599998,78.279999,76.300003,76.379997,74.251175,872000
2/11/2016,75.169998,76.220001,74.800003,75.790001,73.677628,418700
2/12/2016,76.629997,77.540001,75.57,77.449997,75.291359,404500
2/16/2016,78.480003,80.580002,78.230003,80.169998,77.935547,427100
2/17/2016,80.699997,82.239998,80.580002,82.080002,79.79232,375400
2/18/2016,82.699997,82.769997,81.610001,81.690002,79.413185,338400
2/19/2016,81.830002,82.529999,81.480003,82.050003,79.763168,181800
2/22/2016,82.870003,83.769997,82.870003,83.339996,81.017204,595800
2/23/2016,82.93,83.080002,81.870003,82.029999,79.743713,254700
2/24/2016,81.050003,83.300003,80.550003,83.120003,80.803345,343900
2/25/2016,83.389999,84.209999,82.470001,84.129997,81.785172,413000
2/26/2016,84.870003,84.980003,84.309998,84.669998,82.310143,307100
2/29/2016,84.830002,85.949997,84.470001,84.470001,82.115707,390400
3/1/2016,85.089996,86.860001,85.050003,86.75,84.332153,388300
3/2/2016,86.620003,87.339996,86.599998,87.290001,84.857117,344400
3/3/2016,87.32,87.610001,86.75,87.389999,84.95433,289800
3/4/2016,87.989998,89.019997,87.339996,88.290001,85.829239,459500
3/7/2016,87.75,89.010002,87.440002,88.690002,86.218094,371200
3/8/2016,87.989998,88.050003,86.559998,86.68,84.264114,344300
3/9/2016,86.919998,87.510002,86.639999,87.290001,84.857117,192900
3/10/2016,87.839996,88.580002,86.550003,87.730003,85.284843,826900
3/11/2016,88.68,89.489998,88.5,89.400002,86.90831,218700
3/14/2016,89.059998,89.480003,88.790001,89.190002,86.704163,250800
3/15/2016,88.889999,88.970001,88.239998,88.959999,86.480553,688100
3/16/2016,88.400002,89.870003,88.400002,89.760002,87.258263,487800
3/17/2016,89.489998,90.610001,89.349998,90.379997,87.860977,313400
3/18/2016,90.5,91.68,90.279999,91.57,89.017815,574100
3/21/2016,91.269997,91.800003,90.910004,91.690002,89.134468,224000
3/22/2016,91.239998,92.019997,91.019997,91.669998,89.115036,217700
3/23/2016,91.260002,91.339996,90.18,90.199997,87.950813,245200
3/24/2016,89.639999,90.190002,89.160004,90.139999,87.892296,200800
3/28/2016,90.330002,90.440002,89.709999,90.089996,87.843536,158700
3/29/2016,89.699997,91.400002,89.279999,91.330002,89.052635,399200
3/30/2016,91.809998,92.699997,91.760002,92.129997,89.832664,229600
3/31/2016,92,92.080002,91.589996,91.620003,89.335396,178900
4/1/2016,90.830002,92.290001,90.730003,92.25,89.949677,151000
4/4/2016,92.190002,92.260002,91.25,91.43,89.150131,217900
4/5/2016,90.879997,91.540001,90.519997,90.919998,88.652847,180500
4/6/2016,90.82,91.870003,90.07,91.790001,89.50116,1745200
4/7/2016,91.440002,91.440002,90.050003,90.389999,88.136078,369100
4/8/2016,91.410004,91.650002,90.489998,90.809998,88.545601,391800
4/11/2016,91.239998,92.129997,90.760002,90.790001,88.5261,263100
4/12/2016,90.910004,91.010002,89.5,90.660004,88.399345,411000
4/13/2016,91.279999,92.769997,91.230003,92.690002,90.378716,336200
4/14/2016,91.879997,92.120003,91.059998,91.980003,89.686424,241900
4/15/2016,91.779999,91.910004,91.089996,91.190002,88.916122,366700
4/18/2016,90.860001,91.419998,90.690002,91.199997,88.925865,326700
4/19/2016,91.400002,91.489998,89.709999,90.089996,87.843536,431000
4/20/2016,89.860001,91.360001,89.849998,90.949997,88.682106,368500
4/21/2016,90.919998,90.919998,89.980003,90.410004,88.155563,275100
4/22/2016,90.480003,91.370003,89.839996,90.57,88.311577,243800
4/25/2016,90.290001,90.809998,89.760002,90.029999,87.785049,598700
4/26/2016,90.709999,92.059998,90.699997,91.230003,88.955132,452100
4/27/2016,90.330002,92.309998,90.239998,92.160004,89.861931,505600
4/28/2016,91.669998,92.169998,89.510002,89.75,87.512032,496500
4/29/2016,89.400002,89.400002,86.709999,87.379997,85.201118,868000
5/2/2016,87.610001,88.160004,86.93,88.040001,85.844681,381400
5/3/2016,87.160004,87.57,86.639999,87.040001,84.869606,1095600
5/4/2016,86.410004,87.019997,85.75,86.050003,83.904289,845700
5/5/2016,86.550003,87.089996,85.949997,86.260002,84.109062,392700
5/6/2016,85.889999,86.440002,85.190002,86.379997,84.226051,414000
5/9/2016,86.540001,87,86.019997,86.269997,84.118805,325000
5/10/2016,86.510002,87.330002,85.989998,87.290001,85.11338,276700
5/11/2016,86.959999,87.860001,86.959999,87.080002,84.9086,892100
5/12/2016,87.279999,87.440002,84.830002,85.519997,83.387505,404000
5/13/2016,85.760002,86.540001,85.580002,85.830002,83.689781,534500
5/16/2016,85.879997,87.800003,85.580002,87.209999,85.035355,237600
5/17/2016,87.080002,87.559998,86.379997,86.639999,84.479568,208000
5/18/2016,86.279999,88.75,86.279999,87.989998,85.795898,667800
5/19/2016,87.419998,88.160004,86.739998,87.5,85.31813,464900
5/20/2016,88.559998,90.239998,88.550003,90.150002,87.902061,559800
5/23/2016,90.75,91.589996,90.75,90.779999,88.516335,245300
5/24/2016,91.529999,93.080002,91.419998,92.970001,90.651741,529200
5/25/2016,93.540001,93.769997,92.800003,93.519997,91.188019,416200
5/26/2016,93.660004,94.050003,93.43,93.830002,91.490288,304100
5/27/2016,93.75,94.580002,93.75,94.419998,92.065582,287200
5/31/2016,94.599998,95.059998,94.339996,94.970001,92.60186,714800
6/1/2016,94.889999,95.589996,94.519997,95.470001,93.089386,438100
6/2/2016,95.300003,95.489998,94.879997,95.489998,93.108894,246900
6/3/2016,96.32,96.370003,95.209999,95.769997,93.38192,438700
6/6/2016,95.830002,96.339996,95.389999,95.550003,93.167389,628700
6/7/2016,95.959999,96.650002,95.949997,96.459999,94.054703,466400
6/8/2016,96.459999,96.669998,96.120003,96.419998,94.015709,139600
6/9/2016,95.800003,96.580002,95.470001,96.529999,94.122955,362400
6/10/2016,95.550003,95.550003,94.610001,94.949997,92.582359,346300
6/13/2016,94.339996,95.510002,94.260002,94.459999,92.104561,554800
6/14/2016,94.150002,94.68,93.529999,94.43,92.075333,421900
6/15/2016,94.910004,95.07,94.260002,94.419998,92.065582,235500
6/16/2016,93.489998,94.470001,92.790001,94.410004,92.055817,1355500
6/17/2016,94.260002,94.260002,92.93,93.610001,91.275764,605900
6/20/2016,94.970001,95.779999,94.599998,94.650002,92.289841,368700
6/21/2016,94.75,94.93,94.309998,94.650002,92.582306,322200
6/22/2016,94.790001,95.559998,94.449997,94.559998,92.494263,306300
6/23/2016,95.800003,97.029999,95.510002,96.919998,94.802711,366400
6/24/2016,92.82,94.309998,91.309998,91.660004,89.657631,885700
6/27/2016,90.410004,90.419998,87.339996,87.940002,86.01889,1769000
6/28/2016,89.309998,90.419998,89.07,90.239998,88.268646,913900
6/29/2016,91.300003,92.330002,90.970001,92.059998,90.048882,784600
6/30/2016,92.18,93.739998,92,93.639999,91.59436,525800
7/1/2016,92.93,93.190002,92.68,92.870003,90.841194,446000
7/5/2016,92.139999,92.139999,90.620003,91.169998,89.178322,861100
7/6/2016,90.510002,91.440002,89.629997,91.290001,89.2957,575100
7/7/2016,91.43,93.080002,91.43,92.400002,90.381462,394700
7/8/2016,93.349998,95.050003,93.300003,94.970001,92.895325,358400
7/11/2016,95.690002,96.449997,95.620003,96.040001,93.941948,320300
7/12/2016,96.919998,97.620003,96.739998,97.290001,95.164635,1025100
7/13/2016,97.639999,98,97.260002,97.410004,95.282013,477000
7/14/2016,98.290001,98.389999,97.5,98.120003,95.976501,467100
7/15/2016,98.139999,98.260002,97.699997,98.089996,95.947151,383700
7/18/2016,99.330002,99.709999,99.050003,99.529999,97.355713,475400
7/19/2016,99.370003,99.459999,98.879997,99.190002,97.023125,281800
7/20/2016,99.75,101.010002,99.43,100.760002,98.55883,655700
7/21/2016,100.860001,100.919998,99.639999,100.050003,97.864342,486000
7/22/2016,99.709999,100.610001,99.099998,100.550003,98.353416,466300
7/25/2016,100.529999,101.32,100.529999,101.129997,98.920738,236700
7/26/2016,102.099998,105.519997,102.099998,105.050003,102.755119,1469900
7/27/2016,105.989998,106.029999,104.43,105.040001,102.745331,1143500
7/28/2016,104.57,105.160004,104,104.459999,102.178001,831900
7/29/2016,104.440002,104.779999,103.529999,104,101.72805,339000
8/1/2016,104.230003,104.459999,103.720001,104.080002,101.806297,493100
8/2/2016,103.889999,103.889999,101.860001,102.480003,100.241257,1507800
8/3/2016,101.93,102.629997,101.910004,102.610001,100.368408,416300
8/4/2016,102.870003,103.610001,102.68,103.57,101.307442,406200
8/5/2016,104.18,105,104.029999,104.889999,102.598602,413000
8/8/2016,105.25,105.5,104.580002,104.769997,102.481216,231900
8/9/2016,105.349998,105.959999,105.169998,105.620003,103.312668,376000
8/10/2016,105.709999,105.830002,104.459999,104.900002,102.608391,815600
8/11/2016,105.349998,105.440002,104.75,105.300003,102.999664,376500
8/12/2016,105.5,106.019997,105.389999,105.790001,103.478951,191700
8/15/2016,106.010002,107.489998,106.010002,107.230003,104.887482,227700
8/16/2016,107.059998,107.059998,106.360001,106.480003,104.153885,627700
8/17/2016,106.519997,106.540001,105.889999,106.459999,104.134308,594100
8/18/2016,106.489998,107.239998,106.400002,107.230003,104.887482,231000
8/19/2016,107.330002,108.410004,107.330002,108.150002,105.787392,490800
8/22/2016,107.980003,108.459999,107.739998,108.199997,105.836296,256900
8/23/2016,108.68,109.209999,108.68,108.730003,106.354713,275200
8/24/2016,108.879997,108.970001,107.550003,107.830002,105.47438,305900
8/25/2016,107.5,108.769997,107.5,108.269997,105.904755,313400
8/26/2016,108.449997,109.57,108.019997,108.75,106.374268,310700
8/29/2016,109.209999,109.599998,109.050003,109.18,106.794884,270300
8/30/2016,109.199997,109.800003,108.580002,108.970001,106.589485,1060400
8/31/2016,108.940002,109.059998,108.290001,108.900002,106.521011,482400
9/1/2016,109.209999,109.839996,108.349998,109.760002,107.362213,464600
9/2/2016,110.25,110.330002,109.150002,109.650002,107.254631,554800
9/6/2016,109.839996,109.989998,108.839996,109.400002,107.010094,361800
9/7/2016,109.559998,109.580002,108.370003,108.57,106.198204,1271400
9/8/2016,108.220001,108.669998,107.739998,108.379997,106.01236,451100
9/9/2016,107.529999,107.529999,104.209999,104.529999,102.246483,848800
9/12/2016,103.68,106.599998,103.330002,106.480003,104.153885,720900
9/13/2016,105.949997,106.849998,105.010002,105.540001,103.234413,400700
9/14/2016,105.269997,106.730003,105.129997,106.470001,104.144096,364700
9/15/2016,106.419998,109.129997,106.279999,108.93,106.550346,598500
9/16/2016,109.730003,110.07,108.129997,108.959999,106.579697,638700
9/19/2016,109.639999,110.690002,108.730003,109.089996,106.706856,393500
9/20/2016,109.720001,109.790001,108.330002,108.599998,106.227547,358700
9/21/2016,109.139999,110.269997,108.669998,110.099998,107.694794,431900
9/22/2016,110.82,111.150002,110.139999,110.459999,108.046928,352200
9/23/2016,110.300003,110.349998,109.190002,109.330002,106.941612,272700
9/26/2016,108.099998,108.459999,107.349998,107.800003,105.88765,383100
9/27/2016,107.550003,109.68,107.489998,109.660004,107.714653,344900
9/28/2016,110.059998,110.440002,109.209999,109.879997,107.93074,280200
9/29/2016,109.93,111.919998,108.730003,111.230003,109.256805,860300
9/30/2016,111.889999,113.720001,111.889999,112.989998,110.98558,457500
10/3/2016,113.260002,113.75,112.010002,112.230003,110.239067,1210700
10/4/2016,112.699997,113.050003,111.510002,111.940002,109.954208,339800
10/5/2016,112.300003,113.550003,112.029999,112.760002,110.759659,1284200
10/6/2016,112.68,113.510002,111.980003,113.419998,111.407944,867900
10/7/2016,113.599998,113.599998,112.230003,113.25,111.240959,461300
10/10/2016,113.779999,114.209999,112.639999,112.68,110.681084,403500
10/11/2016,112.540001,112.540001,109.349998,110.32,108.36293,623800
10/12/2016,110.25,110.279999,108.970001,109.949997,107.999512,522500
10/13/2016,108.970001,108.970001,106.900002,108.650002,106.722572,694000
10/14/2016,109.639999,110.75,109.370003,109.470001,107.528038,455000
10/17/2016,109.360001,109.949997,108.839996,108.900002,106.96814,233700
10/18/2016,110.239998,110.610001,109.949997,110.160004,108.20578,297200
10/19/2016,109.199997,109.839996,108.660004,109.699997,107.753944,397400
10/20/2016,109.5,110.870003,108.830002,110.470001,108.510284,686600
10/21/2016,109.589996,110.300003,109.150002,110.190002,108.235245,365300
10/24/2016,110.769997,112.279999,110.769997,112.209999,110.219414,237000
10/25/2016,112.269997,112.610001,111.900002,112.110001,110.121208,274500
10/26/2016,111.25,112.610001,111.160004,111.949997,109.964027,373300
10/27/2016,113.040001,113.300003,111.279999,111.43,109.453247,461900
10/28/2016,111.879997,112.550003,110.639999,110.760002,108.795143,599500
10/31/2016,111.150002,111.889999,111.150002,111.360001,109.384499,304400
11/1/2016,111.379997,112.260002,109.160004,110.370003,108.412048,558000
11/2/2016,110.440002,111.050003,109.279999,109.639999,107.695007,820400
11/3/2016,109.690002,110.410004,109.050003,109.449997,107.508385,504200
11/4/2016,108.809998,109.720001,108,108.760002,106.83062,419700
11/7/2016,110.779999,111.889999,110.339996,111.82,109.836334,1599300
11/8/2016,111.790001,112.769997,111.160004,112.050003,110.062256,408700
11/9/2016,109.540001,111.879997,109,111.519997,109.541664,1037000
11/10/2016,112.169998,112.900002,108.099998,109.110001,107.174423,2223000
11/11/2016,110.349998,113.470001,110.349998,113.290001,111.280258,865100
11/14/2016,113.849998,113.860001,112.400002,112.699997,110.700714,446700
11/15/2016,113.160004,115.110001,112.889999,114.809998,112.773293,471700
11/16/2016,114.610001,116.230003,114.580002,116.129997,114.069878,404100
11/17/2016,116.57,117.959999,115.870003,117.379997,115.297707,361500
11/18/2016,117.029999,118.379997,117.029999,118.230003,116.132629,354800
11/21/2016,118.589996,119.199997,118.18,119.019997,116.908607,380100
11/22/2016,119.650002,120.400002,119.540001,120.290001,118.156082,472900
11/23/2016,120.339996,120.690002,119.699997,120.440002,118.303413,348000
11/25/2016,120.660004,120.709999,120.129997,120.650002,118.509689,137300
11/28/2016,120.360001,120.839996,120.089996,120.290001,118.156082,220500
11/29/2016,120.199997,120.779999,119.5,120.07,117.93998,390900
11/30/2016,120.010002,120.32,119.330002,119.379997,117.262222,197300
12/1/2016,119.290001,119.290001,112.870003,113.550003,111.535645,1162800
12/2/2016,113.389999,115.150002,113,114.949997,112.910805,999000
12/5/2016,115.949997,116.720001,115.190002,116.349998,114.285973,373500
12/6/2016,116.68,118.089996,116.68,117.959999,115.867409,484900
12/7/2016,117.889999,120.68,117.5,120.389999,118.254295,433500
12/8/2016,120.709999,122.150002,120.559998,121.440002,119.285683,420900
12/9/2016,122.419998,122.669998,120.18,121.029999,118.88295,334800
12/12/2016,120.550003,120.760002,119.120003,120.080002,117.949806,697900
12/13/2016,120.5,122.269997,120.339996,121.480003,119.324974,334700
12/14/2016,121.529999,122.150002,120.949997,121.370003,119.216919,663100
12/15/2016,121.870003,123.970001,121.660004,123.440002,121.250198,740400
12/16/2016,124.169998,124.419998,121.639999,122.190002,120.022369,491400
12/19/2016,122.510002,123.870003,122.360001,123.400002,121.210907,415200
12/20/2016,124.639999,124.82,124.040001,124.580002,122.369987,718900
12/21/2016,124.550003,124.849998,124.089996,124.290001,122.369972,262400
12/22/2016,125.660004,125.690002,124.419998,124.889999,122.960716,289800
12/23/2016,124.769997,125.599998,124.559998,125.529999,123.590805,160000
12/27/2016,125.779999,127.269997,125.720001,127.080002,125.116875,469500
12/28/2016,127.809998,127.910004,124.599998,124.669998,122.744095,579500
12/29/2016,124.099998,124.650002,123.339996,124.650002,122.724411,348900
12/30/2016,125.099998,125.660004,122.32,122.720001,120.824219,1134600
1/3/2017,123.139999,124.480003,121.669998,122.720001,120.824219,884700
1/4/2017,123.330002,123.660004,122.489998,123.059998,121.158981,451400
1/5/2017,123.129997,123.779999,121.779999,122.010002,120.125191,314000
1/6/2017,122.309998,123.330002,121.540001,122.980003,121.080215,291700
1/9/2017,123.410004,124.779999,123.330002,124.279999,122.360123,294600
1/10/2017,124.370003,125.169998,124.199997,124.879997,122.950851,230300
1/11/2017,125.010002,125.330002,124.400002,125.309998,123.374214,543400
1/12/2017,124.629997,124.949997,122.379997,124.260002,122.340431,451500
1/13/2017,124.440002,125.370003,124.290001,125.07,123.137924,283200
1/17/2017,124.610001,124.690002,122.650002,123.059998,121.158981,364200
1/18/2017,123.209999,124.830002,123.089996,124.739998,122.813019,385500
1/19/2017,124.550003,125.580002,124.099998,124.18,122.261673,909200
1/20/2017,125.440002,126.550003,125.290001,125.779999,123.836945,643300
1/23/2017,125.309998,125.580002,124.040001,125.010002,123.07885,351300
1/24/2017,125.540001,127.669998,125.370003,127.43,125.461464,1244700
1/25/2017,129.149994,129.619995,128.130005,129.320007,127.322266,675200
1/26/2017,129.570007,129.570007,128.029999,128.589996,126.603546,420800
1/27/2017,129.25,130.229996,129.25,130.190002,128.178833,325800
1/30/2017,129.600006,129.600006,127.919998,129.539993,127.538864,505800
1/31/2017,128.800003,128.880005,127.07,127.860001,125.884819,485000
2/1/2017,129.240005,129.949997,128.589996,129.889999,127.883453,597400
2/2/2017,129,130.229996,128.380005,129.830002,127.824402,472000
2/3/2017,130.559998,130.740005,130.059998,130.5,128.484024,289800
2/6/2017,130.759995,131.059998,129.940002,130.960007,128.936935,307700
2/7/2017,131.720001,131.929993,130.759995,131.440002,129.409546,198300
2/8/2017,131.830002,132.199997,131,131.690002,129.655655,257200
2/9/2017,131.619995,132.050003,130.380005,130.539993,128.523438,452700
2/10/2017,131.419998,131.429993,129.190002,130.460007,128.444656,517200
2/13/2017,130.820007,131.600006,130.529999,130.729996,128.710464,309800
2/14/2017,130.779999,130.779999,129.559998,130.369995,128.356033,202800
2/15/2017,130.740005,131.509995,130.070007,131.380005,129.350449,234600
2/16/2017,131.520004,131.809998,130.75,131.589996,129.55719,310200
2/17/2017,130.919998,132.289993,130.479996,132.270004,130.2267,332100
2/21/2017,132.720001,134.190002,132.720001,134.139999,132.067795,670300
2/22/2017,133.880005,134.339996,133.630005,134.169998,132.097336,224900
2/23/2017,134.009995,134.020004,131.119995,131.990005,129.951035,592700
2/24/2017,129.880005,131.919998,129.399994,131.899994,129.862411,523200
2/27/2017,131.970001,133.210007,131.679993,133.160004,131.102951,1219800
2/28/2017,133.399994,133.399994,131.190002,131.460007,129.429199,431800
3/1/2017,133.039993,133.690002,131.759995,133.509995,131.447525,438900
3/2/2017,133.820007,134.149994,132,132.139999,130.098709,430100
3/3/2017,132.289993,132.389999,131.300003,132.070007,130.0298,430000
3/6/2017,131.699997,132.369995,130.610001,132.139999,130.098709,532800
3/7/2017,131.910004,133.300003,131.509995,132.429993,130.384232,541500
3/8/2017,132.970001,133.839996,132.470001,132.740005,130.689438,585700
3/9/2017,132.660004,133.220001,131.940002,133,130.945404,340200
3/10/2017,133.789993,134.800003,133.789993,134.520004,132.441956,712100
3/13/2017,134.929993,135.580002,134.669998,135.529999,133.43634,382500
3/14/2017,135.169998,135.270004,134.020004,135.130005,133.042526,355600
3/15/2017,135.300003,136.449997,134.649994,136.199997,134.095993,369400
3/16/2017,136.639999,136.669998,135.800003,136.059998,133.95816,310900
3/17/2017,136.529999,136.529999,135.910004,136.339996,134.233826,610700
3/20/2017,136.690002,137.820007,136.220001,137.350006,135.228241,379400
3/21/2017,137.699997,137.960007,133.869995,134.130005,132.057968,654200
3/22/2017,134.259995,135.699997,133.789993,135.550003,133.456009,558800
3/23/2017,135.529999,135.839996,134.860001,135.25,133.16066,510300
3/24/2017,136.610001,137.570007,135.360001,135.880005,134.131012,532000
3/27/2017,134.580002,136.399994,134.020004,136.080002,134.328445,483300
3/28/2017,136.350006,137.039993,135.690002,136.509995,134.752899,283800
3/29/2017,136.570007,136.570007,135.770004,136.179993,134.427124,354800
3/30/2017,136.25,137.179993,136.039993,136.880005,135.118164,277000
3/31/2017,137.020004,137.570007,136.449997,136.889999,135.128006,205500
4/3/2017,136.949997,137.279999,135.139999,136.020004,134.269196,721600
4/4/2017,135.169998,136.220001,134.949997,135.339996,133.597946,455600
4/5/2017,135.729996,136.649994,134.309998,134.399994,132.670044,419800
4/6/2017,134.309998,134.910004,133.240005,134.610001,132.87735,388500
4/7/2017,134.660004,135.600006,134.279999,135.190002,133.44989,252400
4/10/2017,135.199997,135.330002,133.830002,134.149994,132.423264,270100
4/11/2017,133.490005,133.529999,131.089996,133.070007,131.357208,534000
4/12/2017,132.699997,132.880005,130.470001,130.779999,129.096634,568200
4/13/2017,130,131.880005,129.860001,129.910004,128.237854,436400
4/17/2017,130.419998,131.600006,130.419998,131.529999,129.83699,443300
4/18/2017,130.800003,132.220001,130.710007,132.139999,130.439163,441900
4/19/2017,133.220001,134.039993,132.630005,132.830002,131.120255,567200
4/20/2017,133.809998,135.169998,133.149994,134.929993,133.193222,556600
4/21/2017,134.490005,134.630005,133.229996,134.360001,132.630569,640800
4/24/2017,136.330002,136.729996,135.800003,136.289993,134.535721,494100
4/25/2017,136.949997,137.889999,136.619995,137.679993,135.907837,423300
4/26/2017,137.490005,137.75,136.039993,136.550003,134.792389,1168000
4/27/2017,137.529999,138.660004,137.259995,138.470001,136.687683,366400
4/28/2017,138.139999,138.139999,135.75,136.110001,134.358063,1044600
5/1/2017,136.440002,137.5,135.759995,137.460007,135.690689,688500
5/2/2017,137.100006,137.100006,135.309998,136.009995,134.259338,1132900
5/3/2017,135.289993,136.679993,135.25,136.479996,134.723297,381600
5/4/2017,136.949997,136.949997,135.800003,136.380005,134.624573,406500
5/5/2017,136.740005,136.919998,135.639999,136.919998,135.157608,300700
5/8/2017,136.850006,137.100006,136.119995,136.380005,134.624573,267300
5/9/2017,136.570007,138.130005,136.380005,137.729996,135.957199,427000
5/10/2017,139.429993,140.910004,139.389999,140.649994,138.8396,834500
5/11/2017,140.539993,141.809998,139.399994,141.160004,139.343048,697000
5/12/2017,141.350006,141.729996,140.75,141.559998,139.7379,191100
5/15/2017,142.160004,143.839996,141.75,143.75,141.899719,374400
5/16/2017,144.419998,145.869995,143.75,145.809998,143.933182,355800
5/17/2017,144.100006,144.389999,139.399994,139.520004,137.724167,1030400
5/18/2017,139.580002,142.520004,139.160004,142.119995,140.29068,701200
5/19/2017,143.449997,144.190002,143.320007,143.690002,141.840485,893700
5/22/2017,144.619995,145.320007,144.289993,145.259995,143.390259,666700
5/23/2017,145.389999,145.399994,143.570007,144.679993,142.817734,253400
5/24/2017,145.649994,145.889999,144.949997,145.619995,143.745636,339600
5/25/2017,146.059998,146.880005,145.419998,146.360001,144.476135,337800
5/26/2017,146.240005,147.100006,145.399994,147.029999,145.137497,263200
5/30/2017,147.020004,148.369995,146.850006,148.009995,146.104858,392300
5/31/2017,149.070007,149.369995,147.279999,147.990005,146.085159,535100
6/1/2017,148.559998,148.559998,147.300003,148.139999,146.2332,354400
6/2/2017,149.080002,149.830002,147.960007,149.649994,147.723755,432500
6/5/2017,149.600006,150.809998,149.539993,150.009995,148.079117,328900
6/6/2017,149.449997,151.529999,149.229996,150.5,148.56282,413600
6/7/2017,151.25,152.220001,150.850006,151.619995,149.668396,420900
6/8/2017,152.850006,154.449997,151.529999,154.389999,152.402756,539200
6/9/2017,155.520004,155.949997,144.910004,147.899994,145.996292,1701200
6/12/2017,146.050003,147.589996,142.809998,147.050003,145.157227,1759100
6/13/2017,149.289993,149.5,146.240005,148.050003,146.144363,1072200
6/14/2017,148.660004,148.660004,144.869995,146.5,144.614304,704100
6/15/2017,144.050003,145.789993,143.860001,145.339996,143.469238,1177300
6/16/2017,145.720001,146.429993,144.309998,144.759995,142.896698,529600
6/19/2017,146.360001,147.75,146.240005,147.509995,145.611313,485200
6/20/2017,148.289993,148.470001,145.820007,145.850006,143.972702,397700
6/21/2017,146.529999,147.580002,145.940002,147.539993,145.6409,462300
6/22/2017,147.5,147.860001,146.5,147.199997,145.305298,433300
6/23/2017,147.449997,148.470001,146.759995,147.639999,145.739624,324400
6/26/2017,148.479996,149.279999,145.589996,146.369995,144.485977,627600
6/27/2017,145.490005,145.490005,142.050003,142.110001,140.626694,640500
6/28/2017,142.929993,144.729996,141.559998,144.570007,143.061035,761800
6/29/2017,143.990005,143.990005,139.039993,140.970001,139.498581,983100
6/30/2017,141.410004,142.149994,139.589996,140.199997,138.736633,497600
7/3/2017,141.330002,141.520004,138.229996,138.279999,136.83667,590600
7/5/2017,138.729996,141.330002,138.729996,141.110001,139.637131,639400
7/6/2017,139.800003,141.699997,139.139999,140.490005,139.023621,687700
7/7/2017,141.169998,143.429993,141.169998,142.860001,141.368866,1124800
7/10/2017,143.410004,144.880005,142.509995,144.509995,143.001633,326100
7/11/2017,144.130005,145.770004,144.039993,145.710007,144.189133,321800
7/12/2017,147.169998,148.360001,146.649994,148.039993,146.494781,559400
7/13/2017,148.199997,149.160004,147.139999,147.580002,146.039581,510900
7/14/2017,148.389999,149.639999,148.039993,149.559998,147.998932,411500
7/17/2017,150.070007,150.119995,148.449997,148.949997,147.395294,231100
7/18/2017,148.059998,149.440002,147.509995,149.410004,147.85051,339000
7/19/2017,150.270004,150.830002,149.759995,150.789993,149.216095,470200
7/20/2017,150.850006,151.429993,149.600006,151.229996,149.651505,509000
7/21/2017,150.240005,150.240005,149.199997,149.940002,148.374969,328000
7/24/2017,150.160004,150.160004,149.190002,149.490005,147.929657,404200
7/25/2017,149.179993,149.720001,147.820007,149.360001,147.801025,401200
7/26/2017,150.690002,151.649994,150.149994,151,149.423904,668200
7/27/2017,151.449997,151.649994,146.929993,148.699997,147.147903,942600
7/28/2017,148.020004,148.740005,147.399994,148.130005,146.583862,401900
7/31/2017,148.149994,148.919998,146.570007,146.979996,145.445862,505800
8/1/2017,147.419998,147.899994,146.699997,147.889999,146.346359,334000
8/2/2017,148.740005,149.059998,145.800003,146.820007,145.287552,580400
8/3/2017,146.729996,147.199997,145.550003,146.270004,144.743271,449100
8/4/2017,146.369995,147.509995,145.899994,146.330002,144.802643,427900
8/7/2017,146.710007,148.919998,146.710007,148.850006,147.296356,316400
8/8/2017,148.979996,150.160004,147.940002,148.419998,146.870834,272900
8/9/2017,147.25,148.059998,146.589996,147.919998,146.376053,235500
8/10/2017,146.979996,147.029999,143.669998,143.789993,142.289154,542500
8/11/2017,143.119995,144.850006,142.779999,144.600006,143.090714,348100
8/14/2017,146.350006,148.449997,146.330002,148.279999,146.7323,536700
8/15/2017,148.929993,148.949997,147.600006,148.649994,147.098434,177100
8/16/2017,148.960007,149.520004,148.179993,148.889999,147.335938,259300
8/17/2017,148.179993,148.570007,145.050003,145.130005,143.615189,403000
8/18/2017,145.990005,146.429993,144.630005,145.350006,143.832901,342300
8/21/2017,145.559998,145.800003,143.369995,144.270004,142.764145,315300
8/22/2017,145.539993,146.940002,145.350006,146.649994,145.119293,348900
8/23/2017,145.270004,147.690002,145.119995,147.270004,145.732834,661300
8/24/2017,147.880005,148.089996,146.470001,147.289993,145.752625,431400
8/25/2017,147.839996,148.100006,146.350006,146.580002,145.050034,228300
8/28/2017,146.789993,147.059998,146.220001,147.020004,145.485443,184200
8/29/2017,145.169998,147.630005,145.119995,147.25,145.713058,356300
8/30/2017,148.039993,150,147.520004,149.770004,148.206741,666300
8/31/2017,150.279999,151.449997,150.050003,151.25,149.671295,357400
9/1/2017,151.520004,152.699997,151.520004,151.910004,150.324402,530400
9/5/2017,151.369995,151.559998,148.550003,149.830002,148.266129,935500
9/6/2017,150.669998,150.759995,149.360001,150.070007,148.503632,348000
9/7/2017,150.360001,150.919998,149.679993,150.330002,148.76091,291100
9/8/2017,150.229996,150.339996,148.009995,148.559998,147.009354,484700
9/11/2017,149.710007,151.740005,149.710007,151.389999,149.80983,435100
9/12/2017,151.580002,152.509995,151.229996,152.070007,150.482727,247400
9/13/2017,152,152.720001,151.240005,152.369995,150.779587,257600
9/14/2017,151.729996,153.869995,151.710007,152.970001,151.373352,552300
9/15/2017,153.690002,155.809998,153.380005,155.639999,154.015472,474700
9/18/2017,156.550003,158.639999,156.550003,157.679993,156.034164,492300
9/19/2017,158.050003,158.789993,157.199997,158.179993,156.528946,460900
9/20/2017,158.360001,158.360001,153.889999,156,154.371704,758300
9/21/2017,155.710007,155.889999,153.979996,155.330002,153.70871,288100
9/22/2017,154.919998,156.320007,154.889999,156.119995,154.490463,247400
9/25/2017,155.559998,155.559998,152.389999,153.110001,151.511871,598500
9/26/2017,154.190002,154.190002,151.929993,152.369995,151.272614,491400
9/27/2017,154.210007,156.690002,154.009995,156.059998,154.936035,388800
9/28/2017,155.899994,157.300003,155.5,157.210007,156.077759,273300
9/29/2017,157.839996,158.779999,157.039993,158.570007,157.427963,306200
10/2/2017,159.279999,160.259995,158.429993,159.630005,158.480331,413500
10/3/2017,159.820007,160.449997,159.289993,160.070007,158.917175,178700
10/4/2017,159.869995,160.440002,158.940002,160.440002,159.2845,291300
10/5/2017,161.119995,161.139999,159.649994,160.580002,159.423492,179400
10/6/2017,160,161.259995,159.990005,161.210007,160.04895,247600
10/9/2017,161.839996,162.580002,161.660004,162.440002,161.270096,278400
10/10/2017,163.899994,163.899994,161.720001,163.350006,162.173538,252100
10/11/2017,163.25,164.509995,163.029999,164.470001,163.285492,286400
10/12/2017,164.410004,165.029999,163.820007,163.949997,162.769211,194800
10/13/2017,164.720001,165.580002,164.289993,165,163.811661,177300
10/16/2017,165.5,165.809998,164.669998,165.779999,164.586029,181100
10/17/2017,165.860001,165.860001,164.839996,165.639999,164.447037,186300
10/18/2017,166.25,166.5,164.020004,166.199997,165.002991,237400
10/19/2017,164.919998,165.800003,163.229996,165.779999,164.586029,354600
10/20/2017,167.080002,167.449997,166.380005,166.630005,165.429916,361200
10/23/2017,167.440002,168.339996,166.649994,167.449997,166.244019,299500
10/24/2017,167.919998,168.779999,167.289993,168.619995,167.405579,214500
10/25/2017,167.690002,168.139999,164.710007,166.410004,165.211502,522700
10/26/2017,166.699997,167.740005,166.479996,167.389999,166.184448,381700
10/27/2017,168.509995,171.119995,167.779999,170.889999,169.659241,352800
10/30/2017,170.350006,172.070007,170.350006,171.350006,170.115921,526400
10/31/2017,171.779999,173.220001,171.309998,172.720001,171.476059,343800
11/1/2017,174.119995,174.240005,170.580002,172.089996,170.850586,505500
11/2/2017,172.419998,173.389999,171.089996,172.940002,171.694473,1366700
11/3/2017,173.779999,176.009995,172.350006,176,174.732422,894600
11/6/2017,177.710007,178.570007,176.440002,178.490005,177.204498,1019200
11/7/2017,178.289993,178.75,177.110001,178.330002,177.045639,433100
11/8/2017,178.160004,179.050003,177.460007,178.899994,177.611542,401500
11/9/2017,177.350006,177.350006,173.169998,175.320007,174.057343,1100800
11/10/2017,175.929993,176.589996,175.429993,176.479996,175.208969,388800
11/13/2017,175.800003,177.190002,175.550003,176.990005,175.715302,436300
11/14/2017,176.660004,177.330002,175.529999,176.830002,175.556458,267300
11/15/2017,175.580002,175.979996,173.820007,175.240005,173.977921,391900
11/16/2017,175.970001,178.580002,175.970001,177.850006,176.569122,364500
11/17/2017,178.899994,178.919998,176.770004,177.070007,175.794724,629100
11/20/2017,178.070007,179.470001,177.610001,179.179993,177.889526,597600
11/21/2017,180.360001,181.460007,180.009995,181.229996,179.924759,1201000
11/22/2017,181.869995,181.880005,179.860001,180.130005,178.832687,401300
11/24/2017,180.899994,181.869995,180.649994,181.75,180.441025,185600
11/27/2017,180.649994,180.649994,179.169998,179.470001,178.177444,564300
11/28/2017,180.179993,180.179993,178.449997,179.550003,178.256866,657100
11/29/2017,179.350006,179.399994,169.899994,171.639999,170.403839,1858900
11/30/2017,173.529999,174.350006,171.490005,172.559998,171.317215,1431100
12/1/2017,170.929993,171.710007,166.509995,170.690002,169.460678,1625900
12/4/2017,172.720001,172.929993,165.550003,166.589996,165.390198,1628800
12/5/2017,165.75,169.759995,164.539993,166.720001,165.519272,1780100
12/6/2017,165.080002,167.559998,164.380005,167.259995,166.055359,723500
12/7/2017,168.490005,169.410004,167.800003,168.889999,167.67363,972500
12/8/2017,170.820007,170.899994,167.869995,168.020004,166.809906,655300
12/11/2017,168.289993,169.470001,167.820007,169.029999,167.812622,1749400
12/12/2017,168.669998,168.669998,167.149994,167.380005,166.174515,435900
12/13/2017,167.960007,168.830002,167.25,167.350006,166.144745,326700
12/14/2017,167.460007,168.289993,166.770004,167.179993,165.975952,296400
12/15/2017,168.050003,170.240005,167.130005,169.800003,168.577087,1127500
12/18/2017,171.880005,173.529999,171,173.440002,172.190872,1162900
12/19/2017,173.100006,173.580002,172.050003,172.940002,172.008865,759500
12/20/2017,174.759995,174.970001,172.710007,174.199997,173.26207,447400
12/21/2017,174.770004,174.770004,172.110001,172.360001,171.431976,583500
12/22/2017,171.759995,172.350006,171.100006,172.259995,171.332504,292600
12/26/2017,170.089996,170.699997,169.110001,170.539993,169.621765,226700
12/27/2017,170.550003,171.960007,170.330002,171.089996,170.168823,264700
12/28/2017,171.630005,172,171.270004,171.570007,170.64624,263000
12/29/2017,171.850006,171.850006,169.800003,169.809998,168.895706,253400
1/2/2018,170.729996,174.490005,170.520004,174.419998,173.480881,953400
1/3/2018,175.369995,177.520004,174.970001,177.470001,176.514465,442300
1/4/2018,178.779999,179.070007,177.039993,178.470001,177.509079,445000
1/5/2018,179.270004,180.229996,178.229996,179.490005,178.52359,390200
1/8/2018,179.610001,181.460007,179.050003,180.899994,179.925995,540900
1/9/2018,181.380005,181.380005,178.919998,179.119995,178.155579,488200
1/10/2018,177.089996,177.820007,175.550003,176.970001,176.017151,676800
1/11/2018,177.539993,178.119995,176.809998,178.029999,177.071442,349100
1/12/2018,178.220001,179.369995,177.559998,178.990005,178.026291,367300
1/16/2018,180.509995,181.690002,178.529999,179.580002,178.613113,487500
1/17/2018,181.259995,185.039993,181.070007,184.789993,183.795044,378900
1/18/2018,184.729996,186.529999,184.509995,185.619995,184.620575,1054600
1/19/2018,186.460007,186.75,184.710007,185.809998,184.80957,396200
1/22/2018,186.160004,187.240005,185.270004,187.190002,186.182129,415900
1/23/2018,188.080002,188.710007,187.389999,188.690002,187.674057,489000
1/24/2018,186.740005,187.380005,183.059998,184.369995,183.377304,1002000
1/25/2018,186.380005,186.850006,181.169998,181.169998,180.194534,751600
1/26/2018,183.619995,186.990005,183.529999,186.960007,185.953384,555900
1/29/2018,186.279999,188,184.479996,186.690002,185.684814,542000
1/30/2018,184,185.070007,182.740005,182.979996,181.994781,649500
1/31/2018,185.130005,185.789993,183.449997,184.470001,183.476776,387900
2/1/2018,183,186.270004,182.720001,183.559998,182.571671,418500
2/2/2018,182.050003,182.190002,178.529999,178.619995,177.658264,1080600
2/5/2018,175.970001,179.919998,169.710007,170.210007,169.293564,1305200
2/6/2018,167.600006,176.580002,167.210007,176.369995,175.420395,1348500
2/7/2018,175.220001,176.789993,172.559998,172.589996,171.660736,1087400
2/8/2018,173.399994,173.880005,165.199997,165.339996,164.449768,1387400
2/9/2018,169.100006,171.300003,163.179993,170.100006,169.184158,1982600
2/12/2018,172.360001,174.5,170.759995,173.369995,172.436523,985400
2/13/2018,172.279999,173.529999,171.710007,173.169998,172.23761,493900
2/14/2018,171.820007,177.5,171.479996,177.229996,176.275757,399700
2/15/2018,178.899994,179.369995,175.179993,179.339996,178.374405,577500
2/16/2018,178.449997,180.940002,178.449997,178.699997,177.737839,309900
2/20/2018,178.139999,183.5,177.960007,181.860001,180.880829,835800
2/21/2018,182.860001,183,179.649994,179.770004,178.802078,478500
2/22/2018,180.809998,181.240005,178.779999,179.369995,178.404236,486900
2/23/2018,181.279999,183.210007,180.699997,183.210007,182.223572,474900
2/26/2018,184.300003,187.199997,184.279999,187.160004,186.152298,363500
2/27/2018,187.240005,189.720001,186.539993,186.539993,185.535629,456400
2/28/2018,187.850006,188.220001,184.699997,184.880005,183.884567,422200
3/1/2018,185.529999,185.649994,179.839996,181.960007,180.980301,950100
3/2/2018,179.899994,185.389999,179.479996,185.050003,184.05365,464200
3/5/2018,184.059998,187.610001,183.229996,186.710007,185.704727,417000
3/6/2018,188.490005,190.039993,187.5,189.520004,188.499588,593000
3/7/2018,187.550003,190.369995,187.550003,190.130005,189.106308,389100
3/8/2018,191.25,191.360001,189.25,190.300003,189.275391,382400
3/9/2018,191.830002,194.330002,191.380005,194.25,193.204117,528800
3/12/2018,195.679993,197.309998,195.059998,196.309998,195.253021,620100
3/13/2018,195.679993,197.309998,192.440002,193.279999,192.239334,1410000
3/14/2018,194.350006,194.350006,191.490005,193.259995,192.219437,547000
3/15/2018,193.770004,194.369995,192.110001,193.110001,192.070251,357700
3/16/2018,193.380005,194.179993,192.820007,193.029999,191.990677,345000
3/19/2018,191.289993,192.190002,186.669998,189.350006,188.330505,927200
3/20/2018,189.75,191.360001,189.5,190.740005,189.713028,253600
3/21/2018,190.520004,193.559998,190.279999,191.100006,190.071075,460100
3/22/2018,187.779999,189.729996,185.539993,185.699997,185.063293,584000
3/23/2018,185.369995,185.699997,179.449997,179.520004,178.904495,1282500
3/26/2018,183.729996,187.059998,181.389999,187.009995,186.368805,799900
3/27/2018,188.449997,188.979996,178.600006,180.130005,179.512405,1073900
3/28/2018,178.889999,180.529999,175.449997,176.229996,175.625763,993400
3/29/2018,177.419998,181.759995,176.130005,180.050003,179.432678,834700
4/2/2018,178.479996,179.800003,171.460007,173.169998,172.576263,793200
4/3/2018,175.330002,176.929993,173.429993,176.449997,175.845016,557800
4/4/2018,171.369995,179.190002,171.320007,178.720001,178.107239,674900
4/5/2018,179.839996,180.070007,175.740005,176.889999,176.283508,575000
4/6/2018,174.470001,176.380005,170.770004,171.539993,170.951843,393300
4/9/2018,173.559998,177.610001,172.520004,172.619995,172.028137,371000
4/10/2018,176.580002,179.179993,175.460007,178.139999,177.529221,634700
4/11/2018,177.149994,179.779999,176.830002,178.210007,177.598984,408800
4/12/2018,179.630005,182.059998,179.470001,181.570007,180.947464,637100
4/13/2018,183.690002,184.009995,179.580002,180.229996,179.612045,429800
4/16/2018,181.300003,181.520004,179.050003,180.550003,179.930969,283100
4/17/2018,181.979996,184.399994,181.610001,183.970001,183.339233,365900
4/18/2018,182.789993,183.199997,180.539993,182.160004,181.535446,484500
4/19/2018,178.660004,178.860001,173.669998,174.279999,173.682449,1844300
4/20/2018,174.240005,175.130005,171.460007,172.220001,171.629517,1184000
4/23/2018,172.869995,173.259995,169.5,169.929993,169.347366,682400
4/24/2018,171.410004,172.979996,167.070007,168.559998,167.982071,1160300
4/25/2018,169.309998,169.559998,165.690002,168.350006,167.772797,1477600
4/26/2018,171.009995,171.960007,169.929993,171.789993,171.200989,1536400
4/27/2018,173.970001,174.149994,169.740005,170.589996,170.005112,1103000
4/30/2018,170.300003,171.589996,167.990005,168.720001,168.141525,600700
5/1/2018,168.300003,171.679993,168.100006,171.490005,170.902023,1042600
5/2/2018,171.660004,172.199997,170.009995,170.729996,170.144623,514400
5/3/2018,169.389999,172.5,168.100006,171.75,171.161133,798900
5/4/2018,170.820007,176.089996,170.039993,175.779999,175.177307,659300
5/7/2018,177.220001,178.309998,176.580002,177.479996,176.871475,395000
5/8/2018,177.369995,178.779999,176.679993,178.529999,177.917877,402100
5/9/2018,179.190002,181.380005,178.789993,181.25,180.628555,347900
5/10/2018,182.270004,184.630005,182.160004,184.550003,183.917252,414300
5/11/2018,183.5,184.910004,182.869995,183.199997,182.571869,619300
5/14/2018,185.490005,187.669998,185.110001,185.440002,184.804199,551300
5/15/2018,184.220001,184.740005,182.110001,183.429993,182.801071,421300
5/16/2018,184.880005,186.190002,183.320007,185.789993,185.152985,407100
5/17/2018,185.360001,186.759995,183.860001,185.25,184.614838,433800
5/18/2018,183.600006,183.860001,181.949997,182.600006,181.973938,690900
5/21/2018,185.289993,186.25,182.809998,184.429993,183.797653,491100
5/22/2018,186,186.869995,184.830002,185.460007,184.824127,498800
5/23/2018,184.020004,186.520004,183.25,186.460007,185.820709,346400
5/24/2018,186.589996,187.610001,184.889999,187.210007,186.56813,378700
5/25/2018,187.199997,188.990005,186.899994,188.720001,188.072952,466900
5/29/2018,187.919998,189.160004,186.279999,187.580002,186.936859,512800
5/30/2018,188.600006,190.210007,187.869995,188.800003,188.152679,714500
5/31/2018,188.490005,189.350006,187.130005,187.429993,186.787369,535500
6/1/2018,189.110001,191.699997,188.440002,191.699997,191.042725,353500
6/4/2018,192.210007,193.440002,191.479996,193.220001,192.557526,390300
6/5/2018,193.729996,194.660004,193,194.139999,193.474365,213800
6/6/2018,194.369995,195.369995,193.330002,195.369995,194.70015,422700
6/7/2018,195.559998,195.779999,192.240005,193.630005,192.96611,694300
6/8/2018,191.419998,192.270004,190.360001,191.899994,191.242035,809900
6/11/2018,191.610001,192.5,190.899994,191.529999,190.873306,425900
6/12/2018,192.020004,192.649994,190.800003,192.520004,191.859924,310800
6/13/2018,192.639999,194.270004,192.020004,192.229996,191.570908,3052300
6/14/2018,193.339996,194.309998,192.220001,193.380005,192.71698,545200
6/15/2018,192.130005,193.440002,191.449997,193.210007,192.547562,374200
6/18/2018,191.979996,191.979996,189.580002,191.350006,190.693939,558600
6/19/2018,188.490005,189.389999,186.369995,189.25,188.601135,877000
6/20/2018,190.330002,191.130005,189.289993,190.160004,189.508011,669100
6/21/2018,191.440002,191.520004,187.520004,187.800003,187.156097,415300
6/22/2018,188.710007,188.830002,185.949997,186.309998,185.671204,372100
6/25/2018,184.309998,184.309998,178.509995,180.830002,180.210007,1813700
6/26/2018,180.800003,181.75,179.949997,180.850006,180.850006,3668000
6/27/2018,181.809998,182.229996,176.440002,176.529999,176.529999,788000
6/28/2018,176,178.270004,175.770004,177.869995,177.869995,1355900
6/29/2018,179.5,180.410004,178.240005,178.240005,178.240005,426000
7/2/2018,176.699997,179.399994,175.339996,179.360001,179.360001,699100
7/3/2018,180.119995,180.380005,175.919998,176.089996,176.089996,380500
7/5/2018,177.660004,180.830002,177.660004,180.800003,180.800003,447000
7/6/2018,180.789993,183.320007,179.820007,183.020004,183.020004,754400
7/9/2018,184.860001,184.910004,182.039993,184.190002,184.190002,453400
7/10/2018,184.529999,186.529999,184.25,186.139999,186.139999,467800
7/11/2018,183.139999,184.229996,181.210007,181.360001,181.360001,666200
7/12/2018,180.889999,182.830002,179.759995,182.580002,182.580002,755800
7/13/2018,183.100006,183.100006,181.649994,181.919998,181.919998,267400
7/16/2018,182.179993,182.889999,181.520004,181.669998,181.669998,204200
7/17/2018,180.449997,184.339996,180.160004,184.279999,184.279999,1380200
7/18/2018,185.110001,186.020004,184.5,185.699997,185.699997,307800
7/19/2018,185.339996,186.039993,184.080002,185.289993,185.289993,290500
7/20/2018,185.100006,185.449997,183.479996,184.419998,184.419998,290600
7/23/2018,183.470001,184.979996,181.089996,184.669998,184.669998,333700
7/24/2018,185.820007,186.720001,182.399994,182.660004,182.660004,628000
7/25/2018,182.580002,183.509995,180.240005,183.350006,183.350006,3410000
7/26/2018,184.570007,187.050003,184.570007,186.929993,186.929993,2432100
7/27/2018,187.059998,188.740005,184.729996,186.100006,186.100006,1731100
7/30/2018,186.020004,186.529999,183.369995,184.279999,184.279999,833400
7/31/2018,185.509995,188.089996,185.169998,185.5,185.5,757000
8/1/2018,185.679993,187.169998,184.429993,185.229996,185.229996,1242600
8/2/2018,183.559998,187.289993,182.899994,187.050003,187.050003,751100
8/3/2018,187.169998,187.610001,186.289993,187.440002,187.440002,448100
8/6/2018,187.080002,188.600006,186.070007,188.570007,188.570007,259300
8/7/2018,189.479996,190.190002,188.75,190.070007,190.070007,3293300
8/8/2018,190.100006,190.899994,189.350006,190.509995,190.509995,372200
8/9/2018,189.660004,189.929993,188.589996,188.630005,188.630005,739600
8/10/2018,184.720001,185.529999,183.080002,183.949997,183.949997,1082700
8/13/2018,184.279999,185.820007,184,184.220001,184.220001,562500
8/14/2018,185.300003,185.589996,183.699997,183.850006,183.850006,536500
8/15/2018,182.270004,183.029999,179.429993,181.300003,181.300003,1022600
8/16/2018,182.5,182.75,180.580002,181.070007,181.070007,473300
8/17/2018,179.460007,180.199997,177.039993,179.720001,179.720001,731800
8/20/2018,179.970001,180.619995,177.539993,179.559998,179.559998,319100
8/21/2018,180.130005,183.539993,180.089996,183.059998,183.059998,849700
8/22/2018,182.679993,184.160004,181.559998,183.919998,183.919998,480100
8/23/2018,183.830002,185.490005,183.830002,184.130005,184.130005,615900
8/24/2018,184.949997,186.899994,184.919998,186.800003,186.800003,561700
8/27/2018,188.320007,191.179993,187.910004,189.770004,189.770004,5957900
8/28/2018,190.779999,191.320007,188.660004,190.5,190.5,538700
8/29/2018,190.5,191.589996,189.830002,191,191,1426800
8/30/2018,190.559998,191.279999,189.029999,189.289993,189.289993,603800
8/31/2018,189.020004,190.610001,189.020004,190.320007,190.320007,366600
9/4/2018,189.630005,191.929993,189.220001,191.850006,191.850006,429900
9/5/2018,191.669998,192.190002,189.309998,190.919998,190.919998,526500
9/6/2018,190.199997,190.360001,185.660004,185.860001,185.860001,498000
9/7/2018,185.509995,187.779999,184.649994,185.089996,185.089996,2800300
9/10/2018,186.410004,187.100006,185.320007,187.050003,187.050003,317000
9/11/2018,186.300003,186.550003,184.25,185.240005,185.240005,578300
9/12/2018,182.850006,183.179993,179.100006,183.100006,183.100006,703800
9/13/2018,185.119995,187.509995,184.520004,185.190002,185.190002,719900
9/14/2018,186.259995,188.009995,185.720001,187.270004,187.270004,659700
9/17/2018,186.580002,187.070007,184.429993,184.660004,184.660004,509200
